TreeN,AntSpRichness-ALL,AntSpRichness-Nests,DBH,BA,Forest,TreeSpecies,TreeFamily,TreeGenus,X_coordinate,Y_coordinate,TreeHeight,Site,Elevation
WP4A0960,2,2,8.9,62.21,Primary,Macaranga_punctata,Euphorbiaceae,Macaranga,74.716,17.972,12.87,Wanang,100
WP4A0962,3,1,5.3,22.06,Primary,Mallotus_peltatus,Euphorbiaceae,Mallotus,78.07,19.1,6.78,Wanang,100
WP4A0963,19,12,83.7,5502.26,Primary,Mastixiodendron_pachyclados,Rubiaceae,Mastixiodendron,79.971,18.35,44.13,Wanang,100
WP4A0964,2,1,6.7,35.26,Primary,Phyllanthus_clamboides,Phyllanthaceae,Phyllanthus,77.3,17.048,8.55,Wanang,100
WP4A0965,5,0,5.3,22.06,Primary,Antidesma_excavatum,Phyllanthaceae,Antidesma,76.192,15.272,7.45,Wanang,100
WP4A0966,3,3,12.9,130.7,Primary,Celtis_latifolia,Cannabaceae,Celtis,80,14.9,18.53,Wanang,100
WP4A0967,3,1,6.3,31.17,Primary,Aglaia_argentea,Meliaceae,Aglaia,77.794,13.926,9.85,Wanang,100
WP4A0968,5,1,6.9,37.39,Primary,Celtis_latifolia,Cannabaceae,Celtis,76.207,11.015,10.62,Wanang,100
WP4A0969,3,0,8.1,51.53,Primary,Versteegia_cauliflora,Rubiaceae,Versteegia,78.436,9.877,7.99,Wanang,100
WP4A0970,6,4,16,201.06,Primary,Ficus_hombroniana,Moraceae,Ficus,79.438,6.425,13.11,Wanang,100
WP4A0971,1,0,6.3,31.17,Primary,Mallotus_peltatus,Euphorbiaceae,Mallotus,77.698,5.171,8.95,Wanang,100
WP4A0972,6,1,15.6,191.13,Primary,Terminalia_complanata,Combretaceae,Terminalia,74.916,6.059,17.95,Wanang,100
WP4A0973,3,1,6.8,36.32,Primary,Phyllanthus_clamboides,Phyllanthaceae,Phyllanthus,75.801,3.051,8.83,Wanang,100
WP4A0974,5,2,11.1,96.77,Primary,Ficus_pungens,Moraceae,Ficus,76.222,1.375,13.82,Wanang,100
WP4A0975,0,0,6.5,33.18,Primary,Sterculia_ampla,Malvaceae,Sterculia,72.162,2.699,11.23,Wanang,100
WP4A0976,3,1,9.1,65.04,Primary,Ficus_arfakensis,Moraceae,Ficus,73.886,5.905,11.55,Wanang,100
WP4A0977,0,0,5.6,24.63,Primary,Mallotus_peltatus,Euphorbiaceae,Mallotus,73.656,7.298,7.66,Wanang,100
WP4A0978,5,0,9,63.62,Primary,Canarium_acutifolium,Burseraceae,Canarium,73.04,8.595,12.95,Wanang,100
WP4A0979,2,2,8.9,62.21,Primary,Macaranga_ducis,Euphorbiaceae,Macaranga,70.624,7.868,13.15,Wanang,100
WP4A0980,7,1,8.3,54.11,Primary,Macaranga_neobritannica,Euphorbiaceae,Macaranga,71.529,6.86,12.86,Wanang,100
WP4A0981,6,1,6.3,31.17,Primary,Terminalia_complanata,Combretaceae,Terminalia,73,12.124,13.78,Wanang,100
WP4A0982,3,0,8,50.27,Primary,Semecarpus_schlechteri,Anacardiaceae,Semecarpus,74.345,12.126,9.6,Wanang,100
WP4A0983,3,1,7.8,47.78,Primary,Gnetum_gnemon,Gnetaceae,Gnetum,68.394,9.738,12.84,Wanang,100
WP4A0984,7,0,19.5,298.65,Primary,Sterculia_schumanniana,Malvaceae,Sterculia,67.481,7.481,11.29,Wanang,100
WP4A0985,2,1,9.7,73.9,Primary,Macaranga_aleuritoides,Euphorbiaceae,Macaranga,66.028,3.48,15.68,Wanang,100
WP4A0986,8,3,6.6,34.21,Primary,Micromelum_minutum,Rutaceae,Micromelum,66.761,3.153,12.25,Wanang,100
WP4A0987,4,0,6.7,35.26,Primary,Terminalia_kaernbachii,Combretaceae,Terminalia,68.657,4.354,12.5,Wanang,100
WP4A0988,2,0,5.9,27.34,Primary,Pometia_pinnata,Sapindaceae,Pometia,69.87,3.687,15.1,Wanang,100
WP4A0989,4,1,10.6,88.25,Primary,Prunus_schlechteri,Rosaceae,Prunus,68.312,1.466,17.37,Wanang,100
WP4A0990,4,1,9.1,65.04,Primary,Macaranga_fallacina,Euphorbiaceae,Macaranga,65.23,1.304,14.62,Wanang,100
WP4A0991,5,0,7.3,41.85,Primary,Microcos_grandiflora,Malvaceae,Microcos,64.223,3.068,12.99,Wanang,100
WP4A0993,2,0,6.4,32.17,Primary,Microcos_argentata,Malvaceae,Microcos,61.195,1.003,12.77,Wanang,100
WP4A0994,2,0,7,38.48,Primary,Celtis_latifolia,Cannabaceae,Celtis,61.287,1.287,13.02,Wanang,100
WP4A0995,4,0,5.5,23.76,Primary,Aphanamixis_polystachya,Meliaceae,Aphanamixis,63.299,4.891,9.41,Wanang,100
WP4A0996,8,7,19.3,292.55,Primary,Gulubia_costata,Arecaceae,Gulubia,61.794,6.694,17.8,Wanang,100
WP4A1021,1,1,6,28.27,Primary,Horsfieldia_irya,Myristicaceae,Horsfieldia,71.551,19.853,8.96,Wanang,100
WP4A1022,8,6,10.9,93.31,Primary,Celtis_latifolia,Cannabaceae,Celtis,76.199,17.339,13.9,Wanang,100
WP4A1023,4,1,5.8,26.42,Primary,Cryptocarya_mackinnoniana,Lauraceae,Cryptocarya,74.024,16.55,10.15,Wanang,100
WP4A1024,9,6,15.4,186.27,Primary,Dysoxylum_molle,Meliaceae,Dysoxylum,69.215,17.531,15.87,Wanang,100
WP4A1025,2,1,5.8,26.42,Primary,Erythrospermum_candidum,Salicaceae,Erythrospermum,70.664,18.354,10.16,Wanang,100
WP4A1026,3,3,6.1,29.22,Primary,Ficus_hahliana,Moraceae,Ficus,69.668,15.4,7.95,Wanang,100
WP4A1028,4,2,8.2,52.81,Primary,Terminalia_complanata,Combretaceae,Terminalia,66.184,18.798,13.97,Wanang,100
WP4A1029,0,0,6.2,30.19,Primary,Horsfieldia_basifissa,Myristicaceae,Horsfieldia,66.869,16.235,5.99,Wanang,100
WP4A1030,8,6,61,2922.47,Primary,Teijsmanniodendron_bogoriense,Lamiaceae,Teijsmanniodendron,65.331,17.846,32.85,Wanang,100
WP4A1031,6,2,7.7,46.57,Primary,Horsfieldia_basifissa,Myristicaceae,Horsfieldia,61.785,19.35,10.36,Wanang,100
WP4A1032,5,0,14.9,174.37,Primary,Cinnamomum_grandiflorum,Lauraceae,Cinnamomum,61.532,17.236,17.95,Wanang,100
WP4A1033,1,0,5.6,24.63,Primary,Cyathocalyx_obtusifolius,Annonaceae,Cyathocalyx,65.033,14.002,5.66,Wanang,100
WP4A1034,2,1,6.5,33.18,Primary,Microcos_grandiflora,Malvaceae,Microcos,65.124,14.106,9.61,Wanang,100
WP4A1035,13,4,11.5,103.87,Primary,Endocomia_macrocoma,Myristicaceae,Endocomia,64.477,13.001,15.6,Wanang,100
WP4A1036,10,2,12.6,124.69,Primary,Macaranga_aleuritoides,Euphorbiaceae,Macaranga,64.802,12.51,18.18,Wanang,100
WP4A1037,5,1,5.8,26.42,Primary,Gymnacranthera_paniculata,Myristicaceae,Gymnacranthera,66.071,12.448,10.35,Wanang,100
WP4A1038,3,2,8.9,62.21,Primary,Macaranga_ducis,Euphorbiaceae,Macaranga,67.775,13.467,14.54,Wanang,100
WP4A1039,2,0,6.5,33.18,Primary,Pimelodendron_amboinicum,Euphorbiaceae,Pimelodendron,70.478,12.01,11.17,Wanang,100
WP4A1040,1,0,8.3,54.11,Primary,Xanthophyllum_papuanum,Polygalaceae,Xanthophyllum,70.685,12.184,9.72,Wanang,100
WP4A1041,1,1,5.9,27.34,Primary,Horsfieldia_basifissa,Myristicaceae,Horsfieldia,69.812,12.142,5.48,Wanang,100
WP4A1042,4,0,5.7,25.52,Primary,Celtis_latifolia,Cannabaceae,Celtis,70.56,11.657,10.99,Wanang,100
WP4A1043,4,1,6.7,35.26,Primary,Syzygium_malaccense,Myrtaceae,Syzygium,63.814,10.478,9.26,Wanang,100
WP4A1044,4,0,7.3,41.85,Primary,Syzygium_furfuraceum,Myrtaceae,Syzygium,65.225,9.05,12.18,Wanang,100
WP4A1045,6,1,6.7,35.26,Primary,Pometia_pinnata,Sapindaceae,Pometia,62.511,9.369,14.7,Wanang,100
WP4A1046,3,0,6.1,29.22,Primary,Archidendron_ptenopum,Fabaceae,Archidendron,60.85,9.713,12.22,Wanang,100
WP4A1047,1,0,6.4,32.17,Primary,Sterculia_ampla,Malvaceae,Sterculia,60,11.25,11.25,Wanang,100
WP4A1048,3,3,5.8,26.42,Primary,Ficus_hahliana,Moraceae,Ficus,61.095,6.914,6.45,Wanang,100
WP4A1337,4,1,5.8,26.42,Primary,Mallotus_peltatus,Euphorbiaceae,Mallotus,75.81,16.484,7.29,Wanang,100
WP4A1338,1,1,6,28.27,Primary,Microcos_argentata,Malvaceae,Microcos,74.385,15.288,9.6,Wanang,100
WP4A1339,1,1,6.4,32.17,Primary,Ficus_hahliana,Moraceae,Ficus,75.222,13.176,7.01,Wanang,100
WP4A1340,2,0,5.6,24.63,Primary,Versteegia_cauliflora,Rubiaceae,Versteegia,71.803,15.823,5.53,Wanang,100
WP4A1342,2,1,5.1,20.43,Primary,Pimelodendron_amboinicum,Euphorbiaceae,Pimelodendron,63.07,18.298,8.9,Wanang,100
WP4A1343,6,1,5.1,20.43,Primary,Guioa_comesperma,Sapindaceae,Guioa,68.144,15.449,9.92,Wanang,100
WP4A1344,5,0,5,19.63,Primary,Pimelodendron_amboinicum,Euphorbiaceae,Pimelodendron,66.583,16.902,10.25,Wanang,100
WP4A1345,2,1,5,19.63,Primary,Macaranga_novoguineensis,Euphorbiaceae,Macaranga,68.517,15.821,11,Wanang,100
WP4B0851,3,3,59.7,2799.23,Primary,Dracontomelon_dao,Anacardiaceae,Dracontomelon,64.154,34.871,36.96,Wanang,100
WP4B0852,2,0,6.9,37.39,Primary,Celtis_latifolia,Cannabaceae,Celtis,63.973,31.481,11.45,Wanang,100
WP4B0853,3,1,8.2,52.81,Primary,Gymnacranthera_paniculata,Myristicaceae,Gymnacranthera,60.723,31.732,10.79,Wanang,100
WP4B0855,4,0,9.7,73.9,Primary,Terminalia_complanata,Combretaceae,Terminalia,62.135,35.204,13.77,Wanang,100
WP4B0856,3,2,7.7,46.57,Primary,Litsea_timoriana,Lauraceae,Litsea,61.164,37.901,12.88,Wanang,100
WP4B0857,3,2,10.5,86.59,Primary,Terminalia_kaernbachii,Combretaceae,Terminalia,60.9,38.441,13.67,Wanang,100
WP4B0934,4,2,7,38.48,Primary,Pimelodendron_amboinicum,Euphorbiaceae,Pimelodendron,78.942,38.544,9.74,Wanang,100
WP4B0935,3,3,7.7,46.57,Primary,Phyllanthus_clamboides,Phyllanthaceae,Phyllanthus,76.996,39.47,10.25,Wanang,100
WP4B0936,4,1,8.6,58.09,Primary,Ternstroemia_cherryi,Pentaphylacaceae,Ternstroemia,76.834,35.478,10.21,Wanang,100
WP4B0937,3,3,9.1,65.04,Primary,Versteegia_cauliflora,Rubiaceae,Versteegia,80,32.65,8.45,Wanang,100
WP4B0938,6,1,5.6,24.63,Primary,Alangium_javanicum,Cornaceae,Alangium,75.945,31.686,10.91,Wanang,100
WP4B0939,5,2,6.1,29.22,Primary,Pometia_pinnata,Sapindaceae,Pometia,73.619,34.646,11.12,Wanang,100
WP4B0940,2,1,7.7,46.57,Primary,Chionanthus_sessiliflorus,Oleaceae,Chionanthus,75.013,35.815,9.49,Wanang,100
WP4B0941,5,2,16.6,216.42,Primary,Ternstroemia_cherryi,Pentaphylacaceae,Ternstroemia,71.855,39.144,19.5,Wanang,100
WP4B0942,3,1,6.8,36.32,Primary,Pouteria_obovata,Sapotaceae,Pouteria,70.549,35.081,11.81,Wanang,100
WP4B0943,6,2,24.8,483.05,Primary,Cupaniopsis_macropetala,Sapindaceae,Cupaniopsis,69.782,36.048,24.68,Wanang,100
WP4B0944,0,0,7.7,46.57,Primary,Ziziphus_angustifolia,Rhamnaceae,Ziziphus,68.673,36.843,16.03,Wanang,100
WP4B0945,2,2,10.1,80.12,Primary,Gymnacranthera_paniculata,Myristicaceae,Gymnacranthera,69.936,33.043,9.17,Wanang,100
WP4B0946,4,3,6.7,35.26,Primary,Pouteria_obovata,Sapotaceae,Pouteria,68.188,28.271,13.05,Wanang,100
WP4B0947,6,3,9.2,66.48,Primary,Bridelia_macrocarpa,Phyllanthaceae,Bridelia,69.949,27.038,12.06,Wanang,100
WP4B0948,6,5,38,1134.11,Primary,Pimelodendron_amboinicum,Euphorbiaceae,Pimelodendron,74.453,26.611,32.88,Wanang,100
WP4B0949,4,2,7.6,45.36,Primary,Litsea_timoriana,Lauraceae,Litsea,73.693,24.417,10.06,Wanang,100
WP4B0950,1,1,5,19.63,Primary,Mallotus_peltatus,Euphorbiaceae,Mallotus,74.777,26.45,7.73,Wanang,100
WP4B0951,6,3,6.5,33.18,Primary,Cryptocarya_mackinnoniana,Lauraceae,Cryptocarya,75.585,28.498,8.78,Wanang,100
WP4B0952,2,2,5.1,20.43,Primary,Phyllanthus_clamboides,Phyllanthaceae,Phyllanthus,76.158,28.238,6.09,Wanang,100
WP4B0953,7,3,5.1,20.43,Primary,Ziziphus_angustifolia,Rhamnaceae,Ziziphus,80,29.87,8.54,Wanang,100
WP4B0954,4,2,9.2,66.48,Primary,Dracontomelon_dao,Anacardiaceae,Dracontomelon,78.678,28.346,13.92,Wanang,100
WP4B0955,10,6,19.8,307.91,Primary,Archidendron_ptenopum,Fabaceae,Archidendron,79.268,28.368,20.87,Wanang,100
WP4B0956,2,2,6.7,35.26,Primary,Phyllanthus_clamboides,Phyllanthaceae,Phyllanthus,79.332,27.641,7.22,Wanang,100
WP4B0957,1,1,6.1,29.22,Primary,Mallotus_peltatus,Euphorbiaceae,Mallotus,77.31,23.094,8.18,Wanang,100
WP4B0958,12,6,22.4,394.08,Primary,Pimelodendron_amboinicum,Euphorbiaceae,Pimelodendron,76.37,20.382,22.35,Wanang,100
WP4B0959,6,1,7.2,40.72,Primary,Macaranga_punctata,Euphorbiaceae,Macaranga,74.068,20.246,13,Wanang,100
WP4B1001,4,2,11.3,100.29,Primary,Gymnacranthera_paniculata,Myristicaceae,Gymnacranthera,66.109,33.891,17.04,Wanang,100
WP4B1002,3,1,19.6,301.72,Primary,Barringtonia_apiculata,Lecythidaceae,Barringtonia,67.672,31.685,20.82,Wanang,100
WP4B1003,3,0,5.9,27.34,Primary,Garcinia_latissima,Clusiaceae,Garcinia,67.221,31.052,6.77,Wanang,100
WP4B1004,7,5,20.9,343.07,Primary,Microcos_grandiflora,Malvaceae,Microcos,61.775,29.935,22.92,Wanang,100
WP4B1005,2,0,9,63.62,Primary,Rhyticaryum_sp,Icacinaceae,Rhyticaryum,64.125,28.667,10.85,Wanang,100
WP4B1006,5,1,7.6,45.36,Primary,Gymnacranthera_paniculata,Myristicaceae,Gymnacranthera,61.205,28.533,8.08,Wanang,100
WP4B1008,8,4,13.5,143.14,Primary,Teijsmanniodendron_bogoriense,Lamiaceae,Teijsmanniodendron,60.524,23.309,10.88,Wanang,100
WP4B1009,1,1,7.4,43.01,Primary,Teijsmanniodendron_bogoriense,Lamiaceae,Teijsmanniodendron,64.601,23.726,7.57,Wanang,100
WP4B1010,4,1,12.7,126.68,Primary,Horsfieldia_basifissa,Myristicaceae,Horsfieldia,63.559,22.882,12.63,Wanang,100
WP4B1011,2,1,5.7,25.52,Primary,Medusanthera_laxiflora,Stemonuraceae,Medusanthera,63.941,21.056,8.15,Wanang,100
WP4B1012,6,0,14,153.94,Primary,Celtis_latifolia,Cannabaceae,Celtis,67.413,25.191,22.79,Wanang,100
WP4B1013,9,4,19.8,307.91,Primary,Endiandra_squarrosa,Lauraceae,Endiandra,67.577,24.522,27.41,Wanang,100
WP4B1014,10,6,59.4,2771.17,Primary,Mastixiodendron_pachyclados,Rubiaceae,Mastixiodendron,67.799,22.839,40.85,Wanang,100
WP4B1015,1,1,7.6,45.36,Primary,Versteegia_cauliflora,Rubiaceae,Versteegia,70.53,20.921,7.75,Wanang,100
WP4B1018,3,2,21.1,349.67,Primary,Palaquium_morobense,Sapotaceae,Palaquium,71.526,23.951,29.46,Wanang,100
WP4B1019,5,1,18.2,260.16,Primary,Gymnacranthera_paniculata,Myristicaceae,Gymnacranthera,70.792,21.624,24.1,Wanang,100
WP4B1020,7,2,38.7,1176.28,Primary,Maniltoa_schefferi,Fabaceae,Maniltoa,71.733,22.061,36.15,Wanang,100
WP4B1332,1,1,5.1,20.43,Primary,Litsea_timoriana,Lauraceae,Litsea,73.129,32.42,6.9,Wanang,100
WP4B1333,1,0,5.2,21.24,Primary,Celtis_latifolia,Cannabaceae,Celtis,60.814,22.364,9.5,Wanang,100
WP4B1334,2,2,5,19.63,Primary,Aglaia_rimosa,Meliaceae,Aglaia,62.067,21.008,8.28,Wanang,100
WP4B1335,0,0,5.3,22.06,Primary,Medusanthera_laxiflora,Stemonuraceae,Medusanthera,74.847,22.975,7.77,Wanang,100
WP4B1336,1,1,5,19.63,Primary,Phyllanthus_clamboides,Phyllanthaceae,Phyllanthus,75.551,20.078,7.3,Wanang,100
WP4C0858,6,2,19,283.53,Primary,Erythrospermum_candidum,Salicaceae,Erythrospermum,64.602,40.269,17.96,Wanang,100
WP4C0859,9,1,27.3,585.35,Primary,Millettia_pinnata,Fabaceae,Millettia,61.553,45.796,29.04,Wanang,100
WP4C0862,6,0,5.5,23.76,Primary,Cryptocarya_mackinnoniana,Lauraceae,Cryptocarya,63.913,48.788,9.22,Wanang,100
WP4C0863,11,4,36.6,1052.09,Primary,Pimelodendron_amboinicum,Euphorbiaceae,Pimelodendron,64.674,48.431,32.88,Wanang,100
WP4C0864,7,1,16.7,219.04,Primary,Teijsmanniodendron_bogoriense,Lamiaceae,Teijsmanniodendron,66.101,48.685,14.87,Wanang,100
WP4C0865,4,0,8.9,62.21,Primary,Cryptocarya_novo-guineensis,Lauraceae,Cryptocarya,67.151,47.72,12.29,Wanang,100
WP4C0866,5,2,10.2,81.71,Primary,Ziziphus_angustifolia,Rhamnaceae,Ziziphus,70.652,49.348,19.1,Wanang,100
WP4C0868,10,2,28.6,642.42,Primary,Sterculia_schumanniana,Malvaceae,Sterculia,78.78,46.053,22.24,Wanang,100
WP4C0869,5,0,13,132.73,Primary,Gymnacranthera_paniculata,Myristicaceae,Gymnacranthera,77.447,46.866,17.45,Wanang,100
WP4C0870,9,2,13.4,141.03,Primary,Chionanthus_brassii,Oleaceae,Chionanthus,77.501,49.977,14.53,Wanang,100
WP4C0871,5,1,13.1,134.78,Primary,Pometia_pinnata,Sapindaceae,Pometia,78.015,53.079,18.65,Wanang,100
WP4C0872,7,5,19.8,307.91,Primary,Pimelodendron_amboinicum,Euphorbiaceae,Pimelodendron,72.116,52.116,17.9,Wanang,100
WP4C0873,1,1,8.5,56.75,Primary,Syzygium_gonatanthum,Myrtaceae,Syzygium,74.236,51.768,11.68,Wanang,100
WP4C0874,4,1,20.9,343.07,Primary,Ternstroemia_cherryi,Pentaphylacaceae,Ternstroemia,69.08,54.674,20.3,Wanang,100
WP4C0875,2,0,6.9,37.39,Primary,Aglaia_lepiorrhachis,Meliaceae,Aglaia,67.614,55.735,9.54,Wanang,100
WP4C0909,3,0,5.3,22.06,Primary,Ficus_congesta,Moraceae,Ficus,75.602,58.399,9.23,Wanang,100
WP4C0910,5,1,13.2,136.85,Primary,Pouteria_obovata,Sapotaceae,Pouteria,72.694,58.178,20.35,Wanang,100
WP4C0911,3,0,10.7,89.92,Primary,Celtis_latifolia,Cannabaceae,Celtis,66.622,56.415,14.38,Wanang,100
WP4C0912,2,0,6.8,36.32,Primary,Phyllanthus_clamboides,Phyllanthaceae,Phyllanthus,64.931,56.243,9.82,Wanang,100
WP4C0913,1,1,9.5,70.88,Primary,Medusanthera_laxiflora,Stemonuraceae,Medusanthera,64.539,57.274,7.35,Wanang,100
WP4C0914,1,1,6,28.27,Primary,Ternstroemia_cherryi,Pentaphylacaceae,Ternstroemia,63.977,57.175,8.16,Wanang,100
WP4C0915,3,3,20.5,330.06,Primary,Pometia_pinnata,Sapindaceae,Pometia,77.241,59.759,23.74,Wanang,100
WP4C0916,1,0,5.7,25.52,Primary,Mastixiodendron_pachyclados,Rubiaceae,Mastixiodendron,78.473,58.473,6.83,Wanang,100
WP4C0917,3,1,8.5,56.75,Primary,Horsfieldia_basifissa,Myristicaceae,Horsfieldia,77.706,56.723,11.43,Wanang,100
WP4C0918,3,0,17.9,251.65,Primary,Polyalthia_sp,Annonaceae,Polyalthia,80,54.41,17.6,Wanang,100
WP4C0920,3,1,6.9,37.39,Primary,Timonius_kaniensis,Rubiaceae,Timonius,80,47.87,12.25,Wanang,100
WP4C0921,2,0,6.5,33.18,Primary,Mastixiodendron_pachyclados,Rubiaceae,Mastixiodendron,80,47.36,8.27,Wanang,100
WP4C0922,10,4,32.7,839.82,Primary,Pimelodendron_amboinicum,Euphorbiaceae,Pimelodendron,79.39,46.973,27.14,Wanang,100
WP4C0923,9,0,20.1,317.31,Primary,Cerbera_floribunda,Apocynaceae,Cerbera,79.335,44.198,25.7,Wanang,100
WP4C0924,8,1,11.1,96.77,Primary,Gymnacranthera_paniculata,Myristicaceae,Gymnacranthera,77.85,43.724,20.37,Wanang,100
WP4C0925,6,2,14.2,158.37,Primary,Dysoxylum_brassii,Meliaceae,Dysoxylum,79.066,40.561,20.14,Wanang,100
WP4C0926,4,0,8.9,62.21,Primary,Teijsmanniodendron_bogoriense,Lamiaceae,Teijsmanniodendron,76.869,40.496,10.08,Wanang,100
WP4C0927,3,0,5.5,23.76,Primary,Xanthophyllum_papuanum,Polygalaceae,Xanthophyllum,70.231,41.723,9.08,Wanang,100
WP4C0928,4,1,7.3,41.85,Primary,Ternstroemia_cherryi,Pentaphylacaceae,Ternstroemia,69.728,41.627,10.22,Wanang,100
WP4C0929,6,0,20.5,330.06,Primary,Gnetum_gnemon,Gnetaceae,Gnetum,69.371,40.93,23.35,Wanang,100
WP4C0931,13,4,35.7,1000.98,Primary,Teijsmanniodendron_bogoriense,Lamiaceae,Teijsmanniodendron,67.831,44.429,23.72,Wanang,100
WP4C0932,4,0,7.3,41.85,Primary,Pimelodendron_amboinicum,Euphorbiaceae,Pimelodendron,67.878,44.412,10.3,Wanang,100
WP4C0933,5,0,9.5,70.88,Primary,Pometia_pinnata,Sapindaceae,Pometia,64.507,43.65,13.63,Wanang,100
WP4C1326,1,1,5.1,20.43,Primary,Dysoxylum_pettigrewianum,Meliaceae,Dysoxylum,72.837,53.99,7.38,Wanang,100
WP4C1327,0,0,5.1,20.43,Primary,Mallotus_oblongifolius,Euphorbiaceae,Mallotus,73.813,53.813,8.52,Wanang,100
WP4C1329,0,0,6.1,29.22,Primary,Dysoxylum_pettigrewianum,Meliaceae,Dysoxylum,68.675,45.523,7.18,Wanang,100
WP4C1330,1,1,5.3,22.06,Primary,Endospermum_labios,Euphorbiaceae,Endospermum,61.287,48.129,11.18,Wanang,100
WP4D0763,5,4,52.1,2131.89,Primary,Syzygium_branderhorstii,Myrtaceae,Syzygium,63.792,76.818,31.12,Wanang,100
WP4D0764,2,2,5,19.63,Primary,Horsfieldia_basifissa,Myristicaceae,Horsfieldia,62.887,76.679,9.25,Wanang,100
WP4D0765,2,2,9.9,76.98,Primary,Pandanus_kaernbachii,Pandanaceae,Pandanus,62.133,72.041,6.78,Wanang,100
WP4D0766,10,3,10.6,88.25,Primary,Syzygium_longipes,Myrtaceae,Syzygium,61.566,71.117,12.75,Wanang,100
WP4D0767,4,1,9.3,67.93,Primary,Pimelodendron_amboinicum,Euphorbiaceae,Pimelodendron,62.678,79.025,11.26,Wanang,100
WP4D0768,3,1,5.4,22.9,Primary,Chisocheton_trichocladus,Meliaceae,Chisocheton,62.241,79.804,7.55,Wanang,100
WP4D0769,1,1,5.4,22.9,Primary,Dysoxylum_arborescens,Meliaceae,Dysoxylum,61.422,79.775,8.45,Wanang,100
WP4D0789,5,3,23.6,437.44,Primary,Neonauclea_obversifolia,Rubiaceae,Neonauclea,63.225,71.598,26.09,Wanang,100
WP4D0790,0,0,7.2,40.72,Primary,Neonauclea_obversifolia,Rubiaceae,Neonauclea,63.129,71.402,7.22,Wanang,100
WP4D0791,3,1,6.8,36.32,Primary,Phyllanthus_clamboides,Phyllanthaceae,Phyllanthus,61.961,69.909,8.97,Wanang,100
WP4D0792,2,0,6.6,34.21,Primary,Litsea_timoriana,Lauraceae,Litsea,60.31,64.439,8.52,Wanang,100
WP4D0793,0,0,5.5,23.76,Primary,Calophyllum_soulattri,Clusiaceae,Calophyllum,68.216,76.842,8.93,Wanang,100
WP4D0794,9,6,10.2,81.71,Primary,Gymnacranthera_paniculata,Myristicaceae,Gymnacranthera,65.5,80,12.46,Wanang,100
WP4D0797,9,3,14.2,158.37,Primary,Harpullia_arborea,Sapindaceae,Harpullia,68.892,79.028,16.53,Wanang,100
WP4D0798,3,0,6.8,36.32,Primary,Horsfieldia_basifissa,Myristicaceae,Horsfieldia,69.302,79.813,9.23,Wanang,100
WP4D0800,2,0,6.1,29.22,Primary,Maniltoa_psilogyne,Fabaceae,Maniltoa,66.634,73.13,10.37,Wanang,100
WP4D0850,6,2,43,1452.2,Primary,Pometia_pinnata,Sapindaceae,Pometia,79.055,74.643,29.53,Wanang,100
WP4D0876,3,0,7.7,46.57,Primary,Neuburgia_corynocarpa,Loganiaceae,Neuburgia,67.45,60,6.5,Wanang,100
WP4D0877,4,3,9.4,69.4,Primary,Macaranga_punctata,Euphorbiaceae,Macaranga,60.58,62.984,5.45,Wanang,100
WP4D0878,2,1,23.7,441.15,Primary,Caryota_rumphiana,Arecaceae,Caryota,60.884,60.884,26.8,Wanang,100
WP4D0879,3,1,6.1,29.22,Primary,Aphanamixis_polystachya,Meliaceae,Aphanamixis,62.147,60.824,6.83,Wanang,100
WP4D0880,6,4,22.9,411.87,Primary,Microcos_grandiflora,Malvaceae,Microcos,63.12,60,19.81,Wanang,100
WP4D0881,1,1,6.1,29.22,Primary,Ficus_wassa,Moraceae,Ficus,69.749,60.897,6.88,Wanang,100
WP4D0882,2,0,6.2,30.19,Primary,Ficus_hahliana,Moraceae,Ficus,72.053,61.401,6.63,Wanang,100
WP4D0883,5,2,10.1,80.12,Primary,Dendrocnide_longifolia,Urticaceae,Dendrocnide,73.332,63.85,11.8,Wanang,100
WP4D0884,4,1,9.9,76.98,Primary,Mastixiodendron_pachyclados,Rubiaceae,Mastixiodendron,75.485,64.676,15.5,Wanang,100
WP4D0885,8,0,11.7,107.51,Primary,Microcos_grandiflora,Malvaceae,Microcos,77.701,67.076,16.97,Wanang,100
WP4D0886,4,3,24.1,456.17,Primary,Pometia_pinnata,Sapindaceae,Pometia,76.739,68.496,25.75,Wanang,100
WP4D0887,2,0,5.5,23.76,Primary,Medusanthera_laxiflora,Stemonuraceae,Medusanthera,73.894,67.277,6.33,Wanang,100
WP4D0888,2,0,8.4,55.42,Primary,Mastixiodendron_pachyclados,Rubiaceae,Mastixiodendron,71.557,65.073,11.15,Wanang,100
WP4D0889,4,0,13.6,145.27,Primary,Cupaniopsis_acuticarpa,Sapindaceae,Cupaniopsis,70.268,66.814,16.8,Wanang,100
WP4D0890,4,2,11.2,98.52,Primary,Ficus_hahliana,Moraceae,Ficus,70.13,67.992,7.7,Wanang,100
WP4D0891,3,1,7,38.48,Primary,Ficus_hahliana,Moraceae,Ficus,71.798,68.202,8.24,Wanang,100
WP4D0893,6,2,18.1,257.3,Primary,Macaranga_neobritannica,Euphorbiaceae,Macaranga,73.625,70.549,21.15,Wanang,100
WP4D0895,3,3,14.8,172.03,Primary,Pimelodendron_amboinicum,Euphorbiaceae,Pimelodendron,75.526,69.951,13.95,Wanang,100
WP4D0896,4,1,7.1,39.59,Primary,Horsfieldia_basifissa,Myristicaceae,Horsfieldia,76.166,69.466,10.85,Wanang,100
WP4D0897,4,2,24.6,475.29,Primary,Dysoxylum_richardianum,Meliaceae,Dysoxylum,76.744,70.545,25.93,Wanang,100
WP4D0898,2,0,8.9,62.21,Primary,Mastixiodendron_pachyclados,Rubiaceae,Mastixiodendron,77.47,72.653,9.66,Wanang,100
WP4D0899,6,1,13.8,149.57,Primary,Microcos_argentata,Malvaceae,Microcos,77.897,72.666,15.75,Wanang,100
WP4D0901,4,2,10.2,81.71,Primary,Guioa_comesperma,Sapindaceae,Guioa,67.19,72.555,13.84,Wanang,100
WP4D0902,2,2,7.3,41.85,Primary,Ficus_hahliana,Moraceae,Ficus,71.402,75.234,7.44,Wanang,100
WP4D0903,2,0,8,50.27,Primary,Mastixiodendron_pachyclados,Rubiaceae,Mastixiodendron,72.148,73.411,10.94,Wanang,100
WP4D0904,2,0,5.9,27.34,Primary,Maniltoa_schefferi,Fabaceae,Maniltoa,74.724,73.247,7.28,Wanang,100
WP4D0905,6,1,7.2,40.72,Primary,Aphanamixis_polystachya,Meliaceae,Aphanamixis,73.829,72.646,13.04,Wanang,100
WP4D0906,3,1,9.4,69.4,Primary,Dendrocnide_longifolia,Urticaceae,Dendrocnide,79.085,62.657,9.87,Wanang,100
WP4D0907,4,1,9.5,70.88,Primary,Gymnacranthera_paniculata,Myristicaceae,Gymnacranthera,76.991,60.263,14.72,Wanang,100
WP4D0908,3,0,6.8,36.32,Primary,Teijsmanniodendron_bogoriense,Lamiaceae,Teijsmanniodendron,77.011,60.261,9.33,Wanang,100
WP4E0812,4,2,30.9,749.91,Primary,Teijsmanniodendron_ahernianum,Lamiaceae,Teijsmanniodendron,61.111,97.106,24.2,Wanang,100
WP4E0813,0,0,7.4,43.01,Primary,Mastixiodendron_pachyclados,Rubiaceae,Mastixiodendron,60,95.88,10.27,Wanang,100
WP4E0814,2,2,7.9,49.02,Primary,Archidendron_ptenopum,Fabaceae,Archidendron,64.639,95.361,12.49,Wanang,100
WP4E0819,0,0,7.6,45.36,Primary,Ficus_hombroniana,Moraceae,Ficus,64.089,95.262,10.74,Wanang,100
WP4E0820,1,1,8.1,51.53,Primary,Ficus_rubrivestimenta,Moraceae,Ficus,63.955,93.794,13.05,Wanang,100
WP4E0821,0,0,11.1,96.77,Primary,Pisonia_longirostris,Nyctaginaceae,Pisonia,64.07,91.819,10.88,Wanang,100
WP4E0822,1,0,6.7,35.26,Primary,Calophyllum_soulattri,Clusiaceae,Calophyllum,64.888,90.022,9.95,Wanang,100
WP4E0823,0,0,9.5,70.88,Primary,Prainea_papuana,Moraceae,Prainea,60,89.14,16.3,Wanang,100
WP4E0824,1,0,8.1,51.53,Primary,Guioa_comesperma,Sapindaceae,Guioa,61.425,87.333,12.74,Wanang,100
WP4E0825,2,1,29.9,702.15,Primary,Gulubia_costata,Arecaceae,Gulubia,60.718,81.541,30,Wanang,100
WP4E0826,1,1,18.5,268.8,Primary,Gnetum_gnemon,Gnetaceae,Gnetum,61.701,81.427,22.43,Wanang,100
WP4E0827,3,3,33.1,860.49,Primary,Archidendron_glabrum,Fabaceae,Archidendron,62.121,82.121,24.83,Wanang,100
WP4E0828,2,1,13,132.73,Primary,Haplolobus_floribunda,Burseraceae,Haplolobus,69.59,86.01,18.15,Wanang,100
WP4E0829,2,1,7.2,40.72,Primary,Ficus_pseudojaca,Moraceae,Ficus,70.817,86.43,10.05,Wanang,100
WP4E0830,1,0,5.4,22.9,Primary,Chisocheton_cumingianus,Meliaceae,Chisocheton,73.007,81.874,7.32,Wanang,100
WP4E0831,2,2,5.9,27.34,Primary,Erythrospermum_candidum,Salicaceae,Erythrospermum,74.118,82.743,8.12,Wanang,100
WP4E0832,1,1,11.9,111.22,Primary,Semecarpus_schlechteri,Anacardiaceae,Semecarpus,74.023,82.915,17.13,Wanang,100
WP4E0833,3,0,5.6,24.63,Primary,Syzygium_hylophilum,Myrtaceae,Syzygium,76.239,83.046,6.18,Wanang,100
WP4E0834,2,2,22.2,387.08,Primary,Horsfieldia_basifissa,Myristicaceae,Horsfieldia,72.034,86.451,21.4,Wanang,100
WP4E0835,1,1,42.8,1438.72,Primary,Palaquium_morobense,Sapotaceae,Palaquium,72.54,87.204,38.05,Wanang,100
WP4E0836,4,4,18.4,265.9,Primary,Aglaia_argentea,Meliaceae,Aglaia,73.514,87.729,21.32,Wanang,100
WP4E0837,1,1,6.4,32.17,Primary,Guioa_comesperma,Sapindaceae,Guioa,73.633,89.093,11.1,Wanang,100
WP4E0838,2,1,17.4,237.79,Primary,Gymnacranthera_paniculata,Myristicaceae,Gymnacranthera,73.87,90.617,21.97,Wanang,100
WP4E0839,1,1,6.4,32.17,Primary,Haplolobus_floribunda,Burseraceae,Haplolobus,72.567,87.697,9.83,Wanang,100
WP4E0840,2,1,9.9,76.98,Primary,Horsfieldia_basifissa,Myristicaceae,Horsfieldia,72.841,91.915,8.45,Wanang,100
WP4E0841,2,2,46.5,1698.23,Primary,Teijsmanniodendron_bogoriense,Lamiaceae,Teijsmanniodendron,73.899,93.703,26.85,Wanang,100
WP4E0842,1,1,40.4,1281.9,Primary,Pometia_pinnata,Sapindaceae,Pometia,73.555,93.821,34.78,Wanang,100
WP4E0843,1,1,16.2,206.12,Primary,Palaquium_morobense,Sapotaceae,Palaquium,70.276,96.183,22.3,Wanang,100
WP4E0844,3,2,36.5,1046.35,Primary,Pimelodendron_amboinicum,Euphorbiaceae,Pimelodendron,68.329,97.077,30.35,Wanang,100
WP4E0845,1,1,16,201.06,Primary,Cerbera_floribunda,Apocynaceae,Cerbera,73.827,96.961,19.85,Wanang,100
WP4E0847,3,0,40.9,1313.82,Primary,Pterocymbium_beccarii,Malvaceae,Pterocymbium,80,89.7,34.1,Wanang,100
WP4E0848,0,0,23.6,437.44,Primary,Pouteria_obovata,Sapotaceae,Pouteria,79.067,90.659,33.55,Wanang,100
WP4E0849,1,1,11.9,111.22,Primary,Neonauclea_obversifolia,Rubiaceae,Neonauclea,79.168,89.514,15.35,Wanang,100
WP4E1319,1,1,6,28.27,Primary,Phyllanthus_clamboides,Phyllanthaceae,Phyllanthus,61.378,82.122,6.53,Wanang,100
WP4E1320,1,1,5.2,21.24,Primary,Phyllanthus_clamboides,Phyllanthaceae,Phyllanthus,60.959,90.958,6.84,Wanang,100
WP4E1321,0,0,5.5,23.76,Primary,Horsfieldia_basifissa,Myristicaceae,Horsfieldia,62.193,93.847,7.49,Wanang,100
WP4E1322,0,0,5.6,24.63,Primary,Chionanthus_brassii,Oleaceae,Chionanthus,60,96.11,11.84,Wanang,100
WP5A0997,5,3,11.1,96.77,Primary,Celtis_latifolia,Cannabaceae,Celtis,80.309,1.59,12.32,Wanang,100
WP5A0998,3,1,5.4,22.9,Primary,Mallotus_peltatus,Euphorbiaceae,Mallotus,80.765,3.936,6.13,Wanang,100
WP5A0999,3,1,6.2,30.19,Primary,Mallotus_peltatus,Euphorbiaceae,Mallotus,80.157,8.979,7.45,Wanang,100
WP5A1000,2,0,7.5,44.18,Primary,Sterculia_schumanniana,Malvaceae,Sterculia,82.342,8.742,12.58,Wanang,100
WP5A1049,0,0,6.8,36.32,Primary,Pisonia_longirostris,Nyctaginaceae,Pisonia,84.079,14.227,5.6,Wanang,100
WP5A1050,3,2,7.6,45.36,Primary,Aglaia_lepiorrhachis,Meliaceae,Aglaia,88.886,9.268,9.1,Wanang,100
WP5A1051,15,11,64.9,3308.1,Primary,Teijsmanniodendron_bogoriense,Lamiaceae,Teijsmanniodendron,83.945,8.089,33.29,Wanang,100
WP5A1053,3,2,10.6,88.25,Primary,Horsfieldia_basifissa,Myristicaceae,Horsfieldia,84.019,11.041,10.41,Wanang,100
WP5A1054,1,1,8,50.27,Primary,Gymnacranthera_paniculata,Myristicaceae,Gymnacranthera,82.643,13.596,12.01,Wanang,100
WP5A1055,5,4,8,50.27,Primary,Gymnacranthera_paniculata,Myristicaceae,Gymnacranthera,80,13.6,11.24,Wanang,100
WP5A1056,4,1,18.2,260.16,Primary,Gymnacranthera_paniculata,Myristicaceae,Gymnacranthera,84.579,0.807,24.64,Wanang,100
WP5A1057,2,1,11.7,107.51,Primary,Gnetum_gnemon,Gnetaceae,Gnetum,88.658,6.063,14.72,Wanang,100
WP5A1058,4,0,13.9,151.75,Primary,Pterocymbium_beccarii,Malvaceae,Pterocymbium,87.843,2.102,20.35,Wanang,100
WP5A1059,10,3,49.6,1932.21,Primary,Pometia_pinnata,Sapindaceae,Pometia,88.326,2.231,32.32,Wanang,100
WP5A1060,3,2,11.3,100.29,Primary,Gnetum_gnemon,Gnetaceae,Gnetum,90.036,3.653,27.83,Wanang,100
WP5A1061,1,1,5.8,26.42,Primary,Horsfieldia_basifissa,Myristicaceae,Horsfieldia,89.463,5.686,8.17,Wanang,100
WP5A1062,7,1,20.7,336.54,Primary,Pimelodendron_amboinicum,Euphorbiaceae,Pimelodendron,87.21,8.294,16.37,Wanang,100
WP5A1063,4,2,5.5,23.76,Primary,Phyllanthus_clamboides,Phyllanthaceae,Phyllanthus,85.386,7.692,6.54,Wanang,100
WP5A1064,3,1,9.2,66.48,Primary,Horsfieldia_basifissa,Myristicaceae,Horsfieldia,92.358,7.135,11.62,Wanang,100
WP5A1065,6,5,22.2,387.08,Primary,Drypetes_lasiogynoides,Putranjivaceae,Drypetes,95.659,1.58,19.79,Wanang,100
WP5A1066,0,0,6.9,37.39,Primary,Teijsmanniodendron_ahernianum,Lamiaceae,Teijsmanniodendron,95.462,2.62,7.7,Wanang,100
WP5A1067,3,1,13,132.73,Primary,Drypetes_oblongifolia,Putranjivaceae,Drypetes,99.746,0.544,13.24,Wanang,100
WP5A1068,2,2,10.9,93.31,Primary,Teijsmanniodendron_bogoriense,Lamiaceae,Teijsmanniodendron,98.636,7.019,11.63,Wanang,100
WP5A1069,4,2,8.2,52.81,Primary,Ficus_rubrivestimenta,Moraceae,Ficus,96.597,9.35,12.83,Wanang,100
WP5A1070,4,2,9.9,76.98,Primary,Pimelodendron_amboinicum,Euphorbiaceae,Pimelodendron,91.905,11.497,12.7,Wanang,100
WP5A1071,6,4,41.1,1326.7,Primary,Celtis_latifolia,Cannabaceae,Celtis,91.694,9.555,35.68,Wanang,100
WP5A1074,3,2,18.7,274.65,Primary,Gymnacranthera_paniculata,Myristicaceae,Gymnacranthera,92.846,8.094,22.46,Wanang,100
WP5A1075,1,1,11.4,102.07,Primary,Artocarpus_sepicanus,Moraceae,Artocarpus,95.728,11.737,13.55,Wanang,100
WP5A1076,4,1,32,804.25,Primary,Mastixiodendron_pachyclados,Rubiaceae,Mastixiodendron,98.841,13.249,29,Wanang,100
WP5A1077,0,0,5.5,23.76,Primary,Chisocheton_ceramicus,Meliaceae,Chisocheton,93.038,12.56,9.22,Wanang,100
WP5A1078,3,1,10.3,83.32,Primary,Teijsmanniodendron_bogoriense,Lamiaceae,Teijsmanniodendron,97.007,17.825,12.46,Wanang,100
WP5A1101,4,2,7.6,45.36,Primary,Syzygium_malaccense,Myrtaceae,Syzygium,89.092,10.847,11.18,Wanang,100
WP5A1102,1,0,10.6,88.25,Primary,Gymnacranthera_paniculata,Myristicaceae,Gymnacranthera,89.373,14.11,16.49,Wanang,100
WP5A1103,5,3,8.1,51.53,Primary,Horsfieldia_basifissa,Myristicaceae,Horsfieldia,87.886,13.559,9.45,Wanang,100
WP5A1104,1,0,6.6,34.21,Primary,Alstonia_scholaris,Apocynaceae,Alstonia,85.905,14.87,8.97,Wanang,100
WP5A1105,1,1,6.4,32.17,Primary,Teijsmanniodendron_bogoriense,Lamiaceae,Teijsmanniodendron,87.234,16.34,6.35,Wanang,100
WP5A1106,4,2,10.3,83.32,Primary,Mastixiodendron_pachyclados,Rubiaceae,Mastixiodendron,92.654,14.663,15.68,Wanang,100
WP5A1107,5,3,35.7,1000.98,Primary,Pometia_pinnata,Sapindaceae,Pometia,94.332,15.073,34.53,Wanang,100
WP5A1108,4,3,14.9,174.37,Primary,Gymnacranthera_paniculata,Myristicaceae,Gymnacranthera,97.287,16.125,22.24,Wanang,100
WP5A1109,5,2,21,346.36,Primary,Ziziphus_angustifolia,Rhamnaceae,Ziziphus,98.249,17.086,28.38,Wanang,100
WP5A1110,4,1,6.1,29.22,Primary,Pisonia_longirostris,Nyctaginaceae,Pisonia,91.966,17.076,4.79,Wanang,100
WP5A1346,2,0,5.2,21.24,Primary,Prainea_papuana,Moraceae,Prainea,86.625,2.411,7.4,Wanang,100
WP5A1347,2,0,5,19.63,Primary,Mallotus_peltatus,Euphorbiaceae,Mallotus,84.27,14.275,6.97,Wanang,100
WP5B1079,0,0,9.5,70.88,Primary,Gnetum_gnemon,Gnetaceae,Gnetum,96.1,20,12.58,Wanang,100
WP5B1082,5,4,14.2,158.37,Primary,Teijsmanniodendron_bogoriense,Lamiaceae,Teijsmanniodendron,97.355,24.581,14.29,Wanang,100
WP5B1083,4,1,5.5,23.76,Primary,Licuala_beccariana,Arecaceae,Licuala,96.084,22.845,7.38,Wanang,100
WP5B1085,2,0,9.5,70.88,Primary,Teijsmanniodendron_bogoriense,Lamiaceae,Teijsmanniodendron,96.514,27.829,15.34,Wanang,100
WP5B1086,6,5,99.8,7822.6,Primary,Ficus_virens,Moraceae,Ficus,96.923,28.935,40.9,Wanang,100
WP5B1087,3,3,16.8,221.67,Primary,Chionanthus_brassii,Oleaceae,Chionanthus,90.785,25.32,19,Wanang,100
WP5B1088,6,5,11.4,102.07,Primary,Horsfieldia_basifissa,Myristicaceae,Horsfieldia,95.54,32.275,14.9,Wanang,100
WP5B1090,2,1,6.3,31.17,Primary,Horsfieldia_basifissa,Myristicaceae,Horsfieldia,97.32,35.358,7.15,Wanang,100
WP5B1092,4,3,23,415.48,Primary,Erythrospermum_candidum,Salicaceae,Erythrospermum,93.348,36.898,20.18,Wanang,100
WP5B1093,3,1,9,63.62,Primary,Polyalthia_glauca,Annonaceae,Polyalthia,90.968,39.04,14.63,Wanang,100
WP5B1094,2,0,7.5,44.18,Primary,Mallotus_oblongifolius,Euphorbiaceae,Mallotus,92.647,35.755,12.21,Wanang,100
WP5B1095,2,0,5.8,26.42,Primary,Horsfieldia_basifissa,Myristicaceae,Horsfieldia,91.579,29.965,8.13,Wanang,100
WP5B1096,5,1,7.9,49.02,Primary,Pimelodendron_amboinicum,Euphorbiaceae,Pimelodendron,90.393,31.648,12.32,Wanang,100
WP5B1097,7,5,9.3,67.93,Primary,Chisocheton_ceramicus,Meliaceae,Chisocheton,91.727,31.727,12.56,Wanang,100
WP5B1111,5,2,11.9,111.22,Primary,Teijsmanniodendron_bogoriense,Lamiaceae,Teijsmanniodendron,93.008,21.233,13.06,Wanang,100
WP5B1112,4,2,9.3,67.93,Primary,Dysoxylum_arborescens,Meliaceae,Dysoxylum,88.58,20,11.49,Wanang,100
WP5B1113,5,4,15.4,186.27,Primary,Chionanthus_brassii,Oleaceae,Chionanthus,88.2,20,19.97,Wanang,100
WP5B1115,2,2,20,314.16,Primary,Lophopetalum_torricellense,Celastraceae,Lophopetalum,85.9,20,25,Wanang,100
WP5B1116,3,3,6.3,31.17,Primary,Mallotus_peltatus,Euphorbiaceae,Mallotus,83.7,20,6.72,Wanang,100
WP5B1117,5,5,10.2,81.71,Primary,Celtis_latifolia,Cannabaceae,Celtis,80.616,23.496,12.08,Wanang,100
WP5B1118,8,3,30.2,716.31,Primary,Alstonia_scholaris,Apocynaceae,Alstonia,82.198,21.557,30.12,Wanang,100
WP5B1119,4,2,7.9,49.02,Primary,Syzygium_furfuraceum,Myrtaceae,Syzygium,82.75,20,12.03,Wanang,100
WP5B1120,8,5,7.8,47.78,Primary,Phyllanthus_clamboides,Phyllanthaceae,Phyllanthus,82.759,27.189,8.47,Wanang,100
WP5B1121,5,3,24.2,459.96,Primary,Polyalthia_glauca,Annonaceae,Polyalthia,87.006,26.766,27.28,Wanang,100
WP5B1122,7,6,22,380.13,Primary,Neonauclea_obversifolia,Rubiaceae,Neonauclea,84.544,31.247,26.61,Wanang,100
WP5B1123,2,2,6.3,31.17,Primary,Phyllanthus_clamboides,Phyllanthaceae,Phyllanthus,84.412,32.122,8.04,Wanang,100
WP5B1124,2,1,5.5,23.76,Primary,Dysoxylum_alliaceum,Meliaceae,Dysoxylum,88.611,24.145,8.35,Wanang,100
WP5B1125,3,1,12.3,118.82,Primary,Gymnacranthera_paniculata,Myristicaceae,Gymnacranthera,86.339,32.997,16.89,Wanang,100
WP5B1126,4,2,8.4,55.42,Primary,Erythrospermum_candidum,Salicaceae,Erythrospermum,85.572,32.516,11.05,Wanang,100
WP5B1127,2,2,6.1,29.22,Primary,Dendrocnide_longifolia,Urticaceae,Dendrocnide,84.914,35.086,7.844779014,Wanang,100
WP5B1128,3,1,5.4,22.9,Primary,Diospyros_ellipticifolia,Ebenaceae,Diospyros,87.115,36.682,9,Wanang,100
WP5B1129,5,4,32.9,850.12,Primary,Alangium_villosum,Cornaceae,Alangium,86.484,37.64,41.952,Wanang,100
WP5B1130,5,3,32,804.25,Primary,Xanthophyllum_papuanum,Polygalaceae,Xanthophyllum,90.252,33.174,20.44,Wanang,100
WP5B1131,3,1,18.1,257.3,Primary,Cerbera_floribunda,Apocynaceae,Cerbera,83.266,37.797,24.82,Wanang,100
WP5B1133,4,2,8.6,58.09,Primary,Horsfieldia_basifissa,Myristicaceae,Horsfieldia,81.67,40,12.2,Wanang,100
WP5B1134,2,0,13.2,136.85,Primary,Ficus_hombroniana,Moraceae,Ficus,89.079,39.842,10.97,Wanang,100
WP5B1349,3,1,15.5,188.69,Primary,Pimelodendron_amboinicum,Euphorbiaceae,Pimelodendron,97.409,30.331,29.58,Wanang,100
WP5B1351,2,0,5.4,22.9,Primary,Merrilliodendron_megacarpum,Icacinaceae,Merrilliodendron,87.936,37.873,5.45,Wanang,100
WP5B1352,1,1,5.9,27.34,Primary,Sterculia_schumanniana,Malvaceae,Sterculia,91.833,31.833,5.36,Wanang,100
WP5B1353,4,2,5,19.63,Primary,Phyllanthus_clamboides,Phyllanthaceae,Phyllanthus,95.178,30.113,6.81,Wanang,100
WP5C1098,5,3,59,2733.97,Primary,Neonauclea_obversifolia,Rubiaceae,Neonauclea,85.9,40,51.84,Wanang,100
WP5C1099,2,0,8.5,56.75,Primary,Sterculia_schumanniana,Malvaceae,Sterculia,88.94,40,13.9,Wanang,100
WP5C1100,4,1,10.6,88.25,Primary,Ficus_hombroniana,Moraceae,Ficus,92.147,41.526,7.45,Wanang,100
WP5C1135,5,2,11.1,96.77,Primary,Dysoxylum_richardianum,Meliaceae,Dysoxylum,81.717,42.545,15.77,Wanang,100
WP5C1136,2,0,9.3,67.93,Primary,Erythrospermum_candidum,Salicaceae,Erythrospermum,83.774,43.28,14.07,Wanang,100
WP5C1137,3,1,10,78.54,Primary,Syzygium_gonatanthum,Myrtaceae,Syzygium,85.067,41.306,10.88,Wanang,100
WP5C1138,2,0,7.4,43.01,Primary,Horsfieldia_basifissa,Myristicaceae,Horsfieldia,80.927,43.716,11.25,Wanang,100
WP5C1139,2,0,15.1,179.08,Primary,Horsfieldia_basifissa,Myristicaceae,Horsfieldia,83.525,47.559,21.01,Wanang,100
WP5C1140,3,0,6.7,35.26,Primary,Mastixiodendron_pachyclados,Rubiaceae,Mastixiodendron,83.793,51.015,11.33,Wanang,100
WP5C1141,2,1,7.8,47.78,Primary,Horsfieldia_basifissa,Myristicaceae,Horsfieldia,87.194,47.695,10.53,Wanang,100
WP5C1142,3,0,10,78.54,Primary,Teijsmanniodendron_bogoriense,Lamiaceae,Teijsmanniodendron,87.022,47.798,10.56,Wanang,100
WP5C1143,4,3,10.3,83.32,Primary,Horsfieldia_basifissa,Myristicaceae,Horsfieldia,81.504,54.311,12.53,Wanang,100
WP5C1145,1,0,5.4,22.9,Primary,Endocomia_macrocoma,Myristicaceae,Endocomia,81.52,54.46,8.8,Wanang,100
WP5C1146,1,0,6.5,33.18,Primary,Dracaena_angustifolia,Asparagaceae,Dracaena,82.314,57.242,6.82,Wanang,100
WP5C1147,5,3,38.3,1152.09,Primary,Teijsmanniodendron_bogoriense,Lamiaceae,Teijsmanniodendron,86.272,57.075,30.83,Wanang,100
WP5C1149,4,2,33.2,865.7,Primary,Palaquium_morobense,Sapotaceae,Palaquium,85.168,53.462,32.53,Wanang,100
WP5C1151,2,1,5.9,27.34,Primary,Litsea_timoriana,Lauraceae,Litsea,96.02,40,8.68,Wanang,100
WP5C1152,5,0,32.5,829.58,Primary,Pangium_edule,Achariaceae,Pangium,96.243,41.007,24.51,Wanang,100
WP5C1153,3,1,6,28.27,Primary,Horsfieldia_basifissa,Myristicaceae,Horsfieldia,92.24,40.679,7.83,Wanang,100
WP5C1155,3,2,15.6,191.13,Primary,Horsfieldia_basifissa,Myristicaceae,Horsfieldia,94.343,45.657,18.3,Wanang,100
WP5C1156,2,1,7.1,39.59,Primary,Horsfieldia_basifissa,Myristicaceae,Horsfieldia,92.717,46.331,6.14,Wanang,100
WP5C1157,3,3,8.8,60.82,Primary,Teijsmanniodendron_bogoriense,Lamiaceae,Teijsmanniodendron,95.879,47.434,10.84,Wanang,100
WP5C1158,4,2,10.2,81.71,Primary,Prainea_papuana,Moraceae,Prainea,99.185,47.757,8.5,Wanang,100
WP5C1159,1,0,14,153.94,Primary,Merrilliodendron_megacarpum,Icacinaceae,Merrilliodendron,98.154,51.655,9.54,Wanang,100
WP5C1160,4,0,15.2,181.46,Primary,Mastixiodendron_pachyclados,Rubiaceae,Mastixiodendron,96.972,51.301,21.29,Wanang,100
WP5C1161,0,0,5.6,24.63,Primary,Litsea_timoriana,Lauraceae,Litsea,95.372,49.924,8.1,Wanang,100
WP5C1162,2,2,13.2,136.85,Primary,Horsfieldia_basifissa,Myristicaceae,Horsfieldia,92.143,51.648,16.61,Wanang,100
WP5C1163,2,0,5.6,24.63,Primary,Litsea_collina,Lauraceae,Litsea,92.44,53.094,7.95,Wanang,100
WP5C1164,2,1,19.6,301.72,Primary,Pometia_pinnata,Sapindaceae,Pometia,91.84,54.134,29.5,Wanang,100
WP5C1165,3,1,7.5,44.18,Primary,Aglaia_caroli,Meliaceae,Aglaia,97.911,57.42,13.12,Wanang,100
WP5C1245,7,4,28.5,637.94,Primary,Microcos_grandiflora,Malvaceae,Microcos,99.64,60,28.4,Wanang,100
WP5C1246,3,0,30.9,749.91,Primary,Pangium_edule,Achariaceae,Pangium,99.261,59.87,25.75,Wanang,100
WP5C1247,4,2,12.1,114.99,Primary,Dysoxylum_arborescens,Meliaceae,Dysoxylum,94.191,57.88,9.47,Wanang,100
WP5C1248,5,3,12.6,124.69,Primary,Pimelodendron_amboinicum,Euphorbiaceae,Pimelodendron,90,60,16.2,Wanang,100
WP5C1249,2,2,11.5,103.87,Primary,Horsfieldia_basifissa,Myristicaceae,Horsfieldia,88.26,51.337,14.33,Wanang,100
WP5C1250,5,2,41.7,1365.72,Primary,Teijsmanniodendron_bogoriense,Lamiaceae,Teijsmanniodendron,86.73,49.292,33.49,Wanang,100
WP5C1354,3,0,6.2,30.19,Primary,Maniltoa_psilogyne,Fabaceae,Maniltoa,96.241,41.368,11.16,Wanang,100
WP5C1355,0,0,5.1,20.43,Primary,Tabernaemontana_pandacaqui,Apocynaceae,Tabernaemontana,92.171,49.33,6.85,Wanang,100
WP5C1356,2,0,5,19.63,Primary,Mastixiodendron_pachyclados,Rubiaceae,Mastixiodendron,96.891,52.468,7.1,Wanang,100
WP5C1357,3,3,5.5,23.76,Primary,Ficus_gul,Moraceae,Ficus,80.77,51.013,7.2,Wanang,100
WP5C1358,2,0,5,19.63,Primary,Litsea_timoriana,Lauraceae,Litsea,82.912,57.884,7.45,Wanang,100
WP5C1359,2,0,8.3,54.11,Primary,Pimelodendron_amboinicum,Euphorbiaceae,Pimelodendron,97.879,57.472,10.4,Wanang,100
WP5D1166,4,2,8,50.27,Primary,Endiandra_squarrosa,Lauraceae,Endiandra,96.008,62.305,14.85,Wanang,100
WP5D1167,0,0,6,28.27,Primary,Teijsmanniodendron_bogoriense,Lamiaceae,Teijsmanniodendron,95.621,66.027,7.02,Wanang,100
WP5D1168,5,2,15.4,186.27,Primary,Teijsmanniodendron_bogoriense,Lamiaceae,Teijsmanniodendron,99.435,66.455,14.8,Wanang,100
WP5D1169,3,0,7.5,44.18,Primary,Gymnacranthera_paniculata,Myristicaceae,Gymnacranthera,96.875,69.077,9.84,Wanang,100
WP5D1170,1,1,6.1,29.22,Primary,Erythrospermum_candidum,Salicaceae,Erythrospermum,95.729,69.592,7.85,Wanang,100
WP5D1171,3,0,9,63.62,Primary,Osmoxylon_novo-guineense,Araliaceae,Osmoxylon,95.397,69.437,7.5,Wanang,100
WP5D1172,2,0,17.1,229.66,Primary,Mastixiodendron_pachyclados,Rubiaceae,Mastixiodendron,93.318,69.543,14.19,Wanang,100
WP5D1174,7,2,7.3,41.85,Primary,Gymnacranthera_paniculata,Myristicaceae,Gymnacranthera,92.807,66.947,11.5,Wanang,100
WP5D1175,1,1,9.3,67.93,Primary,Terminalia_kaernbachii,Combretaceae,Terminalia,90.185,67.948,13.35,Wanang,100
WP5D1177,3,1,6.5,33.18,Primary,Mastixiodendron_pachyclados,Rubiaceae,Mastixiodendron,92.193,68.981,10.65,Wanang,100
WP5D1178,4,0,7.1,39.59,Primary,Mastixiodendron_pachyclados,Rubiaceae,Mastixiodendron,90.277,69.723,8.15,Wanang,100
WP5D1179,4,1,9.5,70.88,Primary,Teijsmanniodendron_bogoriense,Lamiaceae,Teijsmanniodendron,89.748,73.174,6.63,Wanang,100
WP5D1180,3,1,6.2,30.19,Primary,Pimelodendron_amboinicum,Euphorbiaceae,Pimelodendron,94.654,71.465,10.16,Wanang,100
WP5D1181,6,1,13.4,141.03,Primary,Aglaia_lepiorrhachis,Meliaceae,Aglaia,98.776,73.997,16.41,Wanang,100
WP5D1182,1,0,12.2,116.9,Primary,Archidendron_ptenopum,Fabaceae,Archidendron,96.104,75.189,7.74,Wanang,100
WP5D1183,1,0,15.7,193.59,Primary,Terminalia_complanata,Combretaceae,Terminalia,96.272,75.557,17.2,Wanang,100
WP5D1185,7,6,45,1590.43,Primary,Mastixiodendron_pachyclados,Rubiaceae,Mastixiodendron,100,77.05,29.85,Wanang,100
WP5D1187,4,0,6.5,33.18,Primary,Endocomia_macrocoma,Myristicaceae,Endocomia,96.516,73.972,7.2,Wanang,100
WP5D1188,1,0,5.2,21.24,Primary,Gymnacranthera_paniculata,Myristicaceae,Gymnacranthera,98.422,75.017,8.39,Wanang,100
WP5D1189,4,3,10.5,86.59,Primary,Guioa_comesperma,Sapindaceae,Guioa,94.446,78.512,17,Wanang,100
WP5D1190,1,0,5.3,22.06,Primary,Horsfieldia_basifissa,Myristicaceae,Horsfieldia,96.568,77.12,6.27,Wanang,100
WP5D1191,0,0,6,28.27,Primary,Teijsmanniodendron_bogoriense,Lamiaceae,Teijsmanniodendron,93.119,75.182,4.65,Wanang,100
WP5D1215,5,1,7.6,45.36,Primary,Guioa_comesperma,Sapindaceae,Guioa,90.261,79.102,12.05,Wanang,100
WP5D1217,5,3,29.3,674.26,Primary,Canarium_indicum,Burseraceae,Canarium,83.681,79.284,34.05,Wanang,100
WP5D1219,4,0,11.9,111.22,Primary,Mastixiodendron_pachyclados,Rubiaceae,Mastixiodendron,84.238,78.457,17.5,Wanang,100
WP5D1220,8,3,9.6,72.38,Primary,Xanthophyllum_papuanum,Polygalaceae,Xanthophyllum,86.818,78.551,12.38,Wanang,100
WP5D1221,6,3,24.8,483.05,Primary,Chisocheton_ceramicus,Meliaceae,Chisocheton,84.975,76.385,21.85,Wanang,100
WP5D1222,5,3,27.4,589.65,Primary,Sterculia_schumanniana,Malvaceae,Sterculia,88.096,71.904,24.59,Wanang,100
WP5D1223,3,2,12,113.1,Primary,Teijsmanniodendron_bogoriense,Lamiaceae,Teijsmanniodendron,86.425,71.128,10.3,Wanang,100
WP5D1224,3,2,11.7,107.51,Primary,Alstonia_scholaris,Apocynaceae,Alstonia,86.556,72.186,15.57,Wanang,100
WP5D1226,5,0,8.6,58.09,Primary,Pangium_edule,Achariaceae,Pangium,80.973,74.994,10.65,Wanang,100
WP5D1227,7,0,8.2,52.81,Primary,Myristica_fatua,Myristicaceae,Myristica,80.175,69.998,11.7,Wanang,100
WP5D1229,4,2,10.2,81.71,Primary,Gymnacranthera_paniculata,Myristicaceae,Gymnacranthera,83.164,68.692,10.07,Wanang,100
WP5D1230,4,2,13.2,136.85,Primary,Pimelodendron_amboinicum,Euphorbiaceae,Pimelodendron,86.519,68.972,13.15,Wanang,100
WP5D1231,2,2,7.2,40.72,Primary,Litsea_timoriana,Lauraceae,Litsea,87.287,67.546,10.3,Wanang,100
WP5D1232,5,3,40.8,1307.41,Primary,Pometia_pinnata,Sapindaceae,Pometia,89.296,66.18,33.4,Wanang,100
WP5D1233,2,0,5.5,23.76,Primary,Lagerstroemia_archeriana,Lythraceae,Lagerstroemia,89.522,63.814,13.55,Wanang,100
WP5D1234,5,5,32,804.25,Primary,Cryptocarya_mackinnoniana,Lauraceae,Cryptocarya,87.158,63.683,26.25,Wanang,100
WP5D1235,1,1,14.6,167.42,Primary,Horsfieldia_basifissa,Myristicaceae,Horsfieldia,86.994,65.664,17.7,Wanang,100
WP5D1236,3,0,6.4,32.17,Primary,Chisocheton_ceramicus,Meliaceae,Chisocheton,85.508,63.18,11.65,Wanang,100
WP5D1237,2,0,10.5,86.59,Primary,Macaranga_punctata,Euphorbiaceae,Macaranga,84.505,63.155,14.85,Wanang,100
WP5D1238,3,1,10,78.54,Primary,Mastixiodendron_pachyclados,Rubiaceae,Mastixiodendron,84.924,61.792,13.09,Wanang,100
WP5D1239,2,2,29.3,674.26,Primary,Pometia_pinnata,Sapindaceae,Pometia,84.908,60.954,28.05,Wanang,100
WP5D1240,5,1,7.9,49.02,Primary,Dysoxylum_arborescens,Meliaceae,Dysoxylum,87.011,60.737,11.43,Wanang,100
WP5D1241,2,0,8.6,58.09,Primary,Mastixiodendron_pachyclados,Rubiaceae,Mastixiodendron,90.658,63.217,11.13,Wanang,100
WP5D1243,2,0,5.5,23.76,Primary,Microcos_argentata,Malvaceae,Microcos,93.615,62.646,7.68,Wanang,100
WP5D1244,3,1,36.3,1034.91,Primary,Phaeanthus_macropodus,Annonaceae,Phaeanthus,93.886,62.448,34,Wanang,100
WP5D1360,3,1,8.4,55.42,Primary,Harpullia_arborea,Sapindaceae,Harpullia,89.268,66.448,14.41,Wanang,100
WP5D1361,0,0,5.4,22.9,Primary,Horsfieldia_basifissa,Myristicaceae,Horsfieldia,93.318,69.907,5.03,Wanang,100
WP5D1362,3,0,5,19.63,Primary,Medusanthera_laxiflora,Stemonuraceae,Medusanthera,83.719,67.976,5.65,Wanang,100
WP5E1192,4,1,7.8,47.78,Primary,Horsfieldia_basifissa,Myristicaceae,Horsfieldia,94.451,80.097,9.45,Wanang,100
WP5E1193,3,1,6.5,33.18,Primary,Horsfieldia_basifissa,Myristicaceae,Horsfieldia,98.244,82.923,9.4,Wanang,100
WP5E1195,1,1,5.7,25.52,Primary,Ficus_wassa,Moraceae,Ficus,97.151,87.828,6.87,Wanang,100
WP5E1196,6,4,29.1,665.08,Primary,Terminalia_kaernbachii,Combretaceae,Terminalia,96.015,85.485,33.4,Wanang,100
WP5E1197,5,0,13.5,143.14,Primary,Aglaia_lepiorrhachis,Meliaceae,Aglaia,94.929,85.251,11.5,Wanang,100
WP5E1201,3,3,12.5,122.72,Primary,Terminalia_complanata,Combretaceae,Terminalia,81.236,87.012,17.51,Wanang,100
WP5E1202,0,0,6.8,36.32,Primary,Pangium_edule,Achariaceae,Pangium,80.793,87.548,7.36,Wanang,100
WP5E1203,2,1,8.8,60.82,Primary,Freycinetia_kanehirae,Pandanaceae,Freycinetia,80.078,84.459,5,Wanang,100
WP5E1204,6,0,7.2,40.72,Primary,Pisonia_longirostris,Nyctaginaceae,Pisonia,80.924,80.957,4.9,Wanang,100
WP5E1205,4,3,8.5,56.75,Primary,Teijsmanniodendron_bogoriense,Lamiaceae,Teijsmanniodendron,81.911,85.55,8.18,Wanang,100
WP5E1206,3,0,13.3,138.93,Primary,Pimelodendron_amboinicum,Euphorbiaceae,Pimelodendron,84.56,83.076,15.62,Wanang,100
WP5E1208,3,2,56.7,2524.97,Primary,Mastixiodendron_pachyclados,Rubiaceae,Mastixiodendron,86.409,83.7,33.6,Wanang,100
WP5E1209,2,1,16.1,203.58,Primary,Horsfieldia_basifissa,Myristicaceae,Horsfieldia,86.571,83.064,19.27,Wanang,100
WP5E1210,4,3,21.8,373.25,Primary,Teijsmanniodendron_bogoriense,Lamiaceae,Teijsmanniodendron,86.71,80,19.84,Wanang,100
WP5E1211,3,0,6.5,33.18,Primary,Myristica_globosa,Myristicaceae,Myristica,89.98,80,20.3,Wanang,100
WP5E1213,6,1,32.5,829.58,Primary,Ficus_hombroniana,Moraceae,Ficus,87.85,80,26.69,Wanang,100
WP5E1214,1,1,9.7,73.9,Primary,Horsfieldia_basifissa,Myristicaceae,Horsfieldia,86.644,82.418,10.04,Wanang,100
WP5E1251,4,2,13,132.73,Primary,Horsfieldia_basifissa,Myristicaceae,Horsfieldia,88.499,86.375,13.5,Wanang,100
WP5E1253,6,1,8.9,62.21,Primary,Gymnacranthera_paniculata,Myristicaceae,Gymnacranthera,87.173,83.198,14.95,Wanang,100
WP5E1254,5,1,18.7,274.65,Primary,Pterocymbium_beccarii,Malvaceae,Pterocymbium,89.888,82.9,14.82868186,Wanang,100
WP5E1255,3,0,9.7,73.9,Primary,Gymnacranthera_paniculata,Myristicaceae,Gymnacranthera,84.072,92.653,13.86,Wanang,100
WP5E1256,2,1,14.4,162.86,Primary,Horsfieldia_basifissa,Myristicaceae,Horsfieldia,90.387,82.756,17.52,Wanang,100
WP5E1257,3,1,5.6,24.63,Primary,Gymnacranthera_paniculata,Myristicaceae,Gymnacranthera,81.257,92.87,8.22,Wanang,100
WP5E1258,5,0,12.9,130.7,Primary,Mischocarpus_largifolius,Sapindaceae,Mischocarpus,91.596,85.885,24.9,Wanang,100
WP5E1259,6,2,18,254.47,Primary,Teijsmanniodendron_ahernianum,Lamiaceae,Teijsmanniodendron,86.44,91.757,17.34,Wanang,100
WP5E1260,6,4,20.6,333.29,Primary,Horsfieldia_basifissa,Myristicaceae,Horsfieldia,82.107,94.211,22.55,Wanang,100
WP5E1261,6,2,5,19.63,Primary,Celtis_latifolia,Cannabaceae,Celtis,90.706,86.269,10.56,Wanang,100
WP5E1262,3,3,32.1,809.28,Primary,Pometia_pinnata,Sapindaceae,Pometia,80,95.61,33.25,Wanang,100
WP5E1264,5,0,14.2,158.37,Primary,Dictyoneura_obtusa,Sapindaceae,Dictyoneura,92.994,88.35,14.05,Wanang,100
WP5E1265,5,1,15.4,186.27,Primary,Pangium_edule,Achariaceae,Pangium,88.937,92.763,18.8,Wanang,100
WP5E1266,5,0,7.4,43.01,Primary,Teijsmanniodendron_bogoriense,Lamiaceae,Teijsmanniodendron,89.587,93.035,7.69,Wanang,100
WP5E1268,2,0,7.8,47.78,Primary,Aporosa_papuana,Phyllanthaceae,Aporosa,90.226,93.407,15.04,Wanang,100
WP5E1269,5,1,10.2,81.71,Primary,Gymnacranthera_paniculata,Myristicaceae,Gymnacranthera,92.447,92.706,12.55,Wanang,100
WP5E1270,4,1,7.7,46.57,Primary,Litsea_timoriana,Lauraceae,Litsea,92.143,93.638,10.53,Wanang,100
WP5E1271,8,4,44.3,1541.34,Primary,Pometia_pinnata,Sapindaceae,Pometia,88.709,93.741,25.2,Wanang,100
WP5E1272,0,0,5.7,25.52,Primary,Horsfieldia_basifissa,Myristicaceae,Horsfieldia,87.881,95.45,3.54,Wanang,100
WP5E1273,4,1,20.9,343.07,Primary,Cinnamomum_grandiflorum,Lauraceae,Cinnamomum,100,90.8,16.69,Wanang,100
WP5E1275,1,1,6,28.27,Primary,Gymnacranthera_paniculata,Myristicaceae,Gymnacranthera,86.43,98.75,7.88,Wanang,100
WP5E1276,0,0,7,38.48,Primary,Litsea_timoriana,Lauraceae,Litsea,85.1,100,8.711392287,Wanang,100
WP5E1277,3,2,7.7,46.57,Primary,Ziziphus_angustifolia,Rhamnaceae,Ziziphus,93.788,97.234,12.73,Wanang,100
WP5E1278,4,2,19,283.53,Primary,Teijsmanniodendron_bogoriense,Lamiaceae,Teijsmanniodendron,93.633,97.556,13.86,Wanang,100
WP5E1279,6,1,11.5,103.87,Primary,Mallotus_chromocarpus,Euphorbiaceae,Mallotus,97.17,99.242,12.15,Wanang,100
WP5E1363,1,1,5.8,26.42,Primary,Gymnacranthera_paniculata,Myristicaceae,Gymnacranthera,99.654,96.045,10.74,Wanang,100
WP5E1364,0,0,6.4,32.17,Primary,Pometia_pinnata,Sapindaceae,Pometia,99.545,94.8,8.88,Wanang,100
WP5E1365,3,2,6.1,29.22,Primary,Dysoxylum_richardianum,Meliaceae,Dysoxylum,94.661,94.661,7.28,Wanang,100
WP5E1366,2,0,5.3,22.06,Primary,Gnetum_gnemon,Gnetaceae,Gnetum,93.741,95.778,9.85,Wanang,100
WP5E1367,0,0,6.5,33.18,Primary,Pometia_pinnata,Sapindaceae,Pometia,84.339,98.068,7.58,Wanang,100
WS1D0943,6,2,7.9,49.02,Secondary,Ficus_variegata,Moraceae,Ficus,72.698,19.361,9.39,Wanang,100
WS1D0944,7,4,8.2,52.81,Secondary,Ficus_variegata,Moraceae,Ficus,78.466,16.854,8.97,Wanang,100
WS1D0945,7,2,6.3,31.17,Secondary,Macaranga_ducis,Euphorbiaceae,Macaranga,77.015,17.117,8.03,Wanang,100
WS1D0946,0,0,6.1,29.22,Secondary,Ficus_variegata,Moraceae,Ficus,75.516,16.369,7.9,Wanang,100
WS1D0947,8,2,16.4,211.24,Secondary,Ficus_variegata,Moraceae,Ficus,71.963,17.233,14.85,Wanang,100
WS1D0948,6,2,10.2,81.71,Secondary,Ficus_variegata,Moraceae,Ficus,67.838,17.855,11.14,Wanang,100
WS1D0949,11,5,34.9,956.62,Secondary,Trema_orientalis,Ulmaceae,Trema,69.17,12.574,21.8,Wanang,100
WS1D0950,8,6,21.1,349.67,Secondary,Macaranga_tanarius,Euphorbiaceae,Macaranga,66.618,13.609,14.75,Wanang,100
WS1D0951,14,8,22.9,411.87,Secondary,Ficus_melinocarpa,Moraceae,Ficus,66.223,11.112,13.9,Wanang,100
WS1D0952,5,3,12.6,124.69,Secondary,Ficus_variegata,Moraceae,Ficus,63.132,8.312,9.86,Wanang,100
WS1D0953,5,5,14,153.94,Secondary,Melanolepis_multiglandulosa,Euphorbiaceae,Melanolepis,63.308,8.465,11.42,Wanang,100
WS1D0954,6,3,12.2,116.9,Secondary,Ficus_melinocarpa,Moraceae,Ficus,79.927,19.586,10.56,Wanang,100
WS1D0955,8,6,34.6,940.25,Secondary,Trema_orientalis,Ulmaceae,Trema,69.076,13.645,22.39,Wanang,100
WS1E0956,6,1,7.1,39.59,Secondary,Bridelia_macrocarpa,Phyllanthaceae,Bridelia,81.014,2.175,9.29,Wanang,100
WS1E0958,6,2,12.1,114.99,Secondary,Dendrocnide_longifolia,Urticaceae,Dendrocnide,88.882,4.142,6.87,Wanang,100
WS1E0959,4,3,34.1,913.27,Secondary,Trichospermum_pleiostigma,Malvaceae,Trichospermum,81.8,1.511,20.84,Wanang,100
WS1E0960,5,1,8.6,58.09,Secondary,Macaranga_quadriglandulosa,Euphorbiaceae,Macaranga,92.606,2.223,6.2,Wanang,100
WS1E0961,3,1,15.5,188.69,Secondary,Leucosyke_capitellata,Urticaceae,Leucosyke,99,0,8.4,Wanang,100
WS1E0962,5,2,17.8,248.85,Secondary,Trichospermum_pleiostigma,Malvaceae,Trichospermum,90.081,0.882,14.65,Wanang,100
WS1E0963,1,1,5.2,21.24,Secondary,Breynia_cernua,Phyllanthaceae,Breynia,91.999,5.852,9.88,Wanang,100
WS1E0964,6,4,14.4,162.86,Secondary,Trichospermum_pleiostigma,Malvaceae,Trichospermum,92.512,1.095,12.93,Wanang,100
WS1E0965,5,4,16.2,206.12,Secondary,Trichospermum_pleiostigma,Malvaceae,Trichospermum,93.141,6.128,13.24,Wanang,100
WS1E0966,2,1,8.5,56.75,Secondary,Trichospermum_pleiostigma,Malvaceae,Trichospermum,93.067,16.767,11.23,Wanang,100
WS1E0967,6,2,14.7,169.72,Secondary,Macaranga_ducis,Euphorbiaceae,Macaranga,84.483,19.608,9.02,Wanang,100
WS1E0968,6,2,18.1,257.3,Secondary,Spondias_dulcis,Anacardiaceae,Spondias,86.466,8.899,13.99,Wanang,100
WS1E0969,3,1,5.6,24.63,Secondary,Ficus_wassa,Moraceae,Ficus,90.566,6.1,7.26,Wanang,100
WS1E0970,6,4,31.5,779.31,Secondary,Trema_orientalis,Ulmaceae,Trema,85.046,14.656,23.15,Wanang,100
WS1E0971,2,0,7.8,47.78,Secondary,Premna_obtusifolia,Lamiaceae,Premna,84.835,14.041,9.97,Wanang,100
WS1E0972,2,2,31.5,779.31,Secondary,Trema_orientalis,Ulmaceae,Trema,99.858,8.149,21.4,Wanang,100
WS1E0973,3,2,13.3,138.93,Secondary,Trichospermum_pleiostigma,Malvaceae,Trichospermum,97.586,13.689,13.05,Wanang,100
WS1E0974,6,1,15.05855239,178.1,Secondary,Trichospermum_pleiostigma,Malvaceae,Trichospermum,92.951,10.977,13.87,Wanang,100
WS1E0975,4,1,19.3,292.55,Secondary,Trichospermum_pleiostigma,Malvaceae,Trichospermum,90.592,12.911,14.2,Wanang,100
WS1E0976,1,1,9.5,70.88,Secondary,Melicope_elleryana,Rutaceae,Melicope,96.892,14.623,11.54,Wanang,100
WS1E0977,2,1,25.7,518.75,Secondary,Trichospermum_pleiostigma,Malvaceae,Trichospermum,96.921,16.331,16.56,Wanang,100
WS1E0979,1,1,5,19.63,Secondary,Artocarpus_lacucha,Moraceae,Artocarpus,99.505,17.193,7.58,Wanang,100
WS1E0980,1,0,7.9,49.02,Secondary,Ficus_pungens,Moraceae,Ficus,95.17,18.706,10.25,Wanang,100
WS1E0981,3,2,11.3,100.29,Secondary,Ficus_pungens,Moraceae,Ficus,92.544,11.114,10.07,Wanang,100
WS2D0925,4,2,11.6,105.68,Secondary,Ficus_variegata,Moraceae,Ficus,71.171,34.045,10.61,Wanang,100
WS2D0927,6,4,11.5,103.87,Secondary,Ficus_variegata,Moraceae,Ficus,65.261,32.759,10.28,Wanang,100
WS2D0928,11,8,29.7,692.79,Secondary,Trema_orientalis,Ulmaceae,Trema,65.187,22.995,21.14,Wanang,100
WS2D0929,3,2,9.5,70.88,Secondary,Premna_obtusifolia,Lamiaceae,Premna,78.897,35.885,10.89,Wanang,100
WS2D0930,1,0,5,19.63,Secondary,Ficus_wassa,Moraceae,Ficus,79.471,37.281,5.58,Wanang,100
WS2D0931,4,3,14.5,165.13,Secondary,Ficus_variegata,Moraceae,Ficus,77.953,32.36,12.27,Wanang,100
WS2D0932,7,2,12.9,130.7,Secondary,Sarcocephalus_coadunatus,Rubiaceae,Sarcocephalus,68.376,30.018,12.04,Wanang,100
WS2D0933,5,1,7.6,45.36,Secondary,Premna_obtusifolia,Lamiaceae,Premna,74.491,35.211,9,Wanang,100
WS2D0934,6,2,10.7,89.92,Secondary,Ficus_variegata,Moraceae,Ficus,71.822,35.467,11.48,Wanang,100
WS2D0936,4,2,15.9,198.56,Secondary,Artocarpus_camansi,Moraceae,Artocarpus,79.617,24.383,11.75,Wanang,100
WS2D0937,0,0,5.6,24.63,Secondary,Ficus_variegata,Moraceae,Ficus,78.625,23.778,6.72,Wanang,100
WS2D0938,4,1,8.7,59.45,Secondary,Ficus_variegata,Moraceae,Ficus,78.981,22.184,10.22,Wanang,100
WS2D0939,1,1,6.5,33.18,Secondary,Trichospermum_pleiostigma,Malvaceae,Trichospermum,78.31,22.927,9.46,Wanang,100
WS2D0940,5,3,9.5,70.88,Secondary,Ficus_variegata,Moraceae,Ficus,78.216,21.606,11.75,Wanang,100
WS2D0941,0,0,5,19.63,Secondary,Wrightia_laevis,Apocynaceae,Wrightia,72.929,23.707,4.74,Wanang,100
WS2D0942,6,2,6.1,29.22,Secondary,Ficus_congesta,Moraceae,Ficus,64.903,22.946,8.4,Wanang,100
WS2E0983,2,0,14.3,160.61,Secondary,Melanolepis_multiglandulosa,Euphorbiaceae,Melanolepis,89.169,22.286,10.25,Wanang,100
WS2E0984,5,2,17.8,248.85,Secondary,Sarcocephalus_coadunatus,Rubiaceae,Sarcocephalus,97.719,26.268,17.77,Wanang,100
WS2E0985,1,1,14.7,169.72,Secondary,Trichospermum_pleiostigma,Malvaceae,Trichospermum,87.727,22.071,12.97,Wanang,100
WS2E0986,2,2,9,63.62,Secondary,Ficus_arfakensis,Moraceae,Ficus,99.503,25.678,3.17,Wanang,100
WS2E0988,0,0,7.9,49.02,Secondary,Melanolepis_multiglandulosa,Euphorbiaceae,Melanolepis,87.7,25.392,6.87,Wanang,100
WS2E0989,2,2,8.5,56.75,Secondary,Ficus_variegata,Moraceae,Ficus,94.553,23.814,9.71,Wanang,100
WS2E0990,1,1,7.7,46.57,Secondary,Ficus_variegata,Moraceae,Ficus,99.595,35.368,9.32,Wanang,100
WS2E0991,0,0,5.1,20.43,Secondary,Alstonia_scholaris,Apocynaceae,Alstonia,94.25,29.959,4.82,Wanang,100
WS2E0992,7,3,15,176.71,Secondary,Ficus_variegata,Moraceae,Ficus,92.263,26.492,11.08,Wanang,100
WS2E0993,5,3,10.1,80.12,Secondary,Ficus_variegata,Moraceae,Ficus,81.853,26.916,12.45,Wanang,100
WS2E0994,3,0,6.7,35.26,Secondary,Gastonia_spectabilis,Araliaceae,Gastonia,87.577,25.306,6.9,Wanang,100
WS2E0995,1,1,5.2,21.24,Secondary,Ficus_variegata,Moraceae,Ficus,86.889,27.924,7.21,Wanang,100
WS2E0996,4,1,6.7,35.26,Secondary,Ficus_variegata,Moraceae,Ficus,80,23.82,8.45,Wanang,100
WS2E0997,6,3,11.1,96.77,Secondary,Ficus_variegata,Moraceae,Ficus,85.284,30.467,9.91,Wanang,100
WS2E0998,2,1,12.4,120.76,Secondary,Trichospermum_pleiostigma,Malvaceae,Trichospermum,82.186,32.399,13.48,Wanang,100
WS2E0999,1,1,7.4,43.01,Secondary,Ficus_variegata,Moraceae,Ficus,98.302,33.664,9.14,Wanang,100
WS2E1000,0,0,5.8,26.42,Secondary,Ficus_trachypison,Moraceae,Ficus,96.619,32.75,8.99,Wanang,100
WS2E1001,3,3,20,314.16,Secondary,Tetrameles_nudiflora,Tetramelaceae,Tetrameles,92.222,32.222,16.06,Wanang,100
WS2E1002,6,2,13.1,134.78,Secondary,Ficus_variegata,Moraceae,Ficus,89.735,31.387,15.55,Wanang,100
WS2E1003,3,1,18,254.47,Secondary,Trichospermum_pleiostigma,Malvaceae,Trichospermum,90.017,30.691,16.86,Wanang,100
WS2E1005,5,1,18,254.47,Secondary,Trichospermum_pleiostigma,Malvaceae,Trichospermum,99.179,20.22,14.43,Wanang,100
WS2E1006,4,3,10.8,91.61,Secondary,Ficus_congesta,Moraceae,Ficus,81.294,32.663,9.78,Wanang,100
WS2E1007,3,3,26.4,547.39,Secondary,Trema_orientalis,Ulmaceae,Trema,80.068,39.812,23.76,Wanang,100
WS2E1008,4,4,19.8,307.91,Secondary,Pterocarpus_indicus,Fabaceae,Pterocarpus,80.912,34.83,16.18,Wanang,100
WS2E1009,1,1,8.8,60.82,Secondary,Ficus_variegata,Moraceae,Ficus,100,36.74,9.75,Wanang,100
WS2E1010,2,0,6.7,35.26,Secondary,Ficus_variegata,Moraceae,Ficus,97.291,37.195,8.15,Wanang,100
WS2E1011,1,1,8.6,58.09,Secondary,Ficus_pungens,Moraceae,Ficus,95.978,36.625,10.12,Wanang,100
WS2E1013,3,1,6,28.27,Secondary,Ficus_variegata,Moraceae,Ficus,84.732,33.487,7.02,Wanang,100
WS2E1014,1,1,8.1,51.53,Secondary,Macaranga_tanarius,Euphorbiaceae,Macaranga,81.058,36.538,11,Wanang,100
WS2E1015,1,1,5.6,24.63,Secondary,Ficus_variegata,Moraceae,Ficus,85.209,35.629,8.5,Wanang,100
WS2E1016,0,0,7.1,39.59,Secondary,Ficus_variegata,Moraceae,Ficus,87.524,38.673,8.29,Wanang,100
WS2E1017,5,3,16.1,203.58,Secondary,Ficus_pungens,Moraceae,Ficus,87.971,33.055,12.37,Wanang,100
WS2E1018,3,1,7.7,46.57,Secondary,Ficus_variegata,Moraceae,Ficus,88.639,39.849,8.93,Wanang,100
WS2E1019,1,1,5,19.63,Secondary,Ficus_variegata,Moraceae,Ficus,83.96,36.04,6.79,Wanang,100
WS3D0894,3,1,13.8,149.57,Secondary,Sarcocephalus_coadunatus,Rubiaceae,Sarcocephalus,73.098,57.623,18.1,Wanang,100
WS3D0895,2,0,8.9,62.21,Secondary,Ficus_variegata,Moraceae,Ficus,60.153,58.257,9.33,Wanang,100
WS3D0896,6,2,22.5,397.61,Secondary,Trema_orientalis,Ulmaceae,Trema,61.742,53.014,21.61,Wanang,100
WS3D0897,2,0,8.6,58.09,Secondary,Ficus_variegata,Moraceae,Ficus,60,50.2,7.4,Wanang,100
WS3D0898,5,2,12.6,124.69,Secondary,Ficus_pungens,Moraceae,Ficus,72.523,53.726,13.45,Wanang,100
WS3D0899,4,0,7.9,49.02,Secondary,Ficus_pungens,Moraceae,Ficus,69.019,58.064,12.57,Wanang,100
WS3D0900,2,0,7.4,43.01,Secondary,Ficus_variegata,Moraceae,Ficus,68.793,57.206,11.1,Wanang,100
WS3D0901,4,1,16.2,206.12,Secondary,Ficus_variegata,Moraceae,Ficus,67.112,51.819,12.92,Wanang,100
WS3D0902,1,1,9,63.62,Secondary,Leucosyke_australis,Urticaceae,Leucosyke,64.2,52.725,6.28,Wanang,100
WS3D0903,1,1,7.5,44.18,Secondary,Claoxylon_polot,Euphorbiaceae,Claoxylon,64.157,49.17,8.56,Wanang,100
WS3D0904,3,0,12.7,126.68,Secondary,Ficus_variegata,Moraceae,Ficus,68.129,48.811,10.41,Wanang,100
WS3D0905,4,0,5.9,27.34,Secondary,Alstonia_scholaris,Apocynaceae,Alstonia,67.64,49.089,6.7,Wanang,100
WS3D0906,3,0,7.7,46.57,Secondary,Ficus_gul,Moraceae,Ficus,64.49,47.777,10.68,Wanang,100
WS3D0907,6,2,10.9,93.31,Secondary,Ficus_variegata,Moraceae,Ficus,64.301,47.51,11.17,Wanang,100
WS3D0908,2,1,14.8,172.03,Secondary,Ficus_nodosa,Moraceae,Ficus,63.171,45.72,13.9,Wanang,100
WS3D0909,1,1,13.2,136.85,Secondary,Ficus_variegata,Moraceae,Ficus,62.76,45.192,11.48,Wanang,100
WS3D0910,4,1,13.4,141.03,Secondary,Ficus_variegata,Moraceae,Ficus,61.275,42.208,12.56,Wanang,100
WS3D0911,4,0,15.9,198.56,Secondary,Trichospermum_pleiostigma,Malvaceae,Trichospermum,61.233,41.761,14.9,Wanang,100
WS3D0912,5,1,11.5,103.87,Secondary,Commersonia_bartramia,Malvaceae,Commersonia,64.26,40.828,14.28,Wanang,100
WS3D0913,5,2,17.5,240.53,Secondary,Ficus_variegata,Moraceae,Ficus,71.238,41.181,17.64,Wanang,100
WS3D0914,4,2,21.6,366.44,Secondary,Trichospermum_pleiostigma,Malvaceae,Trichospermum,67.842,43.01,13.58,Wanang,100
WS3D0915,3,1,7.6,45.36,Secondary,Macaranga_ducis,Euphorbiaceae,Macaranga,67.77,41.37,8.45,Wanang,100
WS3D0916,1,1,9,63.62,Secondary,Trichospermum_pleiostigma,Malvaceae,Trichospermum,65.166,42.409,11.7,Wanang,100
WS3D0917,3,3,9.5,70.88,Secondary,Ficus_variegata,Moraceae,Ficus,77.489,40.673,10.65,Wanang,100
WS3D0918,1,0,9.5,70.88,Secondary,Trichospermum_pleiostigma,Malvaceae,Trichospermum,79.371,48.998,14.05,Wanang,100
WS3D0919,5,1,13.8,149.57,Secondary,Ficus_pungens,Moraceae,Ficus,77.119,52.494,13.66,Wanang,100
WS3D0920,4,0,12.6,124.69,Secondary,Trichospermum_pleiostigma,Malvaceae,Trichospermum,79.549,57.44,18.5,Wanang,100
WS3D0921,2,1,8.4,55.42,Secondary,Macaranga_aleuritoides,Euphorbiaceae,Macaranga,76.847,59.214,12.82,Wanang,100
WS3D0923,1,0,6.4,32.17,Secondary,Pterocarpus_indicus,Fabaceae,Pterocarpus,74.372,58.597,9.42,Wanang,100
WS3D0924,4,0,17.6,243.28,Secondary,Trichospermum_pleiostigma,Malvaceae,Trichospermum,76.044,56.179,19.21,Wanang,100
WS3E1020,2,0,10.5,86.59,Secondary,Macaranga_aleuritoides,Euphorbiaceae,Macaranga,81.494,40.131,12.61,Wanang,100
WS3E1021,1,0,8,50.27,Secondary,Macaranga_aleuritoides,Euphorbiaceae,Macaranga,82.192,40.192,12.12,Wanang,100
WS3E1023,2,2,8.5,56.75,Secondary,Tetrameles_nudiflora,Tetramelaceae,Tetrameles,83.873,42.919,10.07,Wanang,100
WS3E1024,4,1,7.8,47.78,Secondary,Ficus_pungens,Moraceae,Ficus,85.637,43.802,11.35,Wanang,100
WS3E1025,0,0,7.9,49.02,Secondary,Trichospermum_pleiostigma,Malvaceae,Trichospermum,83.945,43.31,14.64,Wanang,100
WS3E1026,1,1,18.3,263.02,Secondary,Trichospermum_pleiostigma,Malvaceae,Trichospermum,80.958,42.631,21.86,Wanang,100
WS3E1027,4,0,7.6,45.36,Secondary,Ficus_variegata,Moraceae,Ficus,81.012,48.238,10.87,Wanang,100
WS3E1028,2,0,8.2,52.81,Secondary,Garuga_floribunda,Burseraceae,Garuga,82.333,42.333,11,Wanang,100
WS3E1029,5,3,10.1,80.12,Secondary,Macaranga_tanarius,Euphorbiaceae,Macaranga,81.834,41.771,17.47,Wanang,100
WS3E1030,4,2,13.2,136.85,Secondary,Macaranga_tanarius,Euphorbiaceae,Macaranga,81.585,43.399,16.1,Wanang,100
WS3E1031,2,2,6.8,36.32,Secondary,Ficus_variegata,Moraceae,Ficus,80.958,43.574,9.71,Wanang,100
WS3E1032,6,2,27.7,602.63,Secondary,Trichospermum_pleiostigma,Malvaceae,Trichospermum,81.061,48.645,22.62,Wanang,100
WS3E1033,2,0,17.1,229.66,Secondary,Trichospermum_pleiostigma,Malvaceae,Trichospermum,80.688,46.544,20.43,Wanang,100
WS3E1034,4,1,8.3,54.11,Secondary,Ficus_variegata,Moraceae,Ficus,82.586,45.303,10.17,Wanang,100
WS3E1035,4,1,7.9,49.02,Secondary,Ficus_variegata,Moraceae,Ficus,83.093,48.982,10.76,Wanang,100
WS3E1036,4,1,5,19.63,Secondary,Ficus_variegata,Moraceae,Ficus,81.837,49.453,8.18,Wanang,100
WS3E1037,2,1,9.7,73.9,Secondary,Trichospermum_pleiostigma,Malvaceae,Trichospermum,81.929,43.955,10.98,Wanang,100
WS3E1038,2,0,5.7,25.52,Secondary,Ficus_variegata,Moraceae,Ficus,81.836,44.326,8.59,Wanang,100
WS3E1039,2,2,12.4,120.76,Secondary,Macaranga_tanarius,Euphorbiaceae,Macaranga,88.886,47.456,15.74,Wanang,100
WS3E1040,1,1,8.1,51.53,Secondary,Ficus_variegata,Moraceae,Ficus,85.897,49.815,8.09,Wanang,100
WS3E1042,2,2,14.7,169.72,Secondary,Ficus_variegata,Moraceae,Ficus,84.881,50.963,16.49,Wanang,100
WS3E1043,6,2,24.5,471.44,Secondary,Trichospermum_pleiostigma,Malvaceae,Trichospermum,80.916,53.098,21.44,Wanang,100
WS3E1044,3,2,5.4,22.9,Secondary,Celtis_latifolia,Cannabaceae,Celtis,80.078,55.551,7.74,Wanang,100
WS3E1045,2,0,11.3,100.29,Secondary,Trichospermum_pleiostigma,Malvaceae,Trichospermum,84.628,54.484,17.6,Wanang,100
WS3E1046,0,0,5.2,21.24,Secondary,Ficus_nodosa,Moraceae,Ficus,84.602,53.665,8.24,Wanang,100
WS3E1047,2,1,9.4,69.4,Secondary,Macaranga_tanarius,Euphorbiaceae,Macaranga,90.703,43.946,12.77,Wanang,100
WS3E1048,3,1,21.6,366.44,Secondary,Trichospermum_pleiostigma,Malvaceae,Trichospermum,89.161,46.179,18.96,Wanang,100
WS3E1049,4,1,9,63.62,Secondary,Ficus_variegata,Moraceae,Ficus,91.336,43.153,8.86,Wanang,100
WS3E1050,2,0,10.8,91.61,Secondary,Macaranga_aleuritoides,Euphorbiaceae,Macaranga,94.101,40.103,13.87,Wanang,100
WS3E1051,2,1,10.1,80.12,Secondary,Macaranga_tanarius,Euphorbiaceae,Macaranga,93.683,41.693,12.53,Wanang,100
WS3E1052,4,0,20.3,323.65,Secondary,Trichospermum_pleiostigma,Malvaceae,Trichospermum,91.773,44.75,19.87,Wanang,100
WS3E1053,5,5,8,50.27,Secondary,Ficus_variegata,Moraceae,Ficus,95.454,43.682,10.09,Wanang,100
WS3E1055,4,3,8.4,55.42,Secondary,Ficus_variegata,Moraceae,Ficus,95.75,40,10.84,Wanang,100
WS3E1056,1,1,8.8,60.82,Secondary,Macaranga_tanarius,Euphorbiaceae,Macaranga,86.044,53.742,13.93,Wanang,100
WS3E1057,0,0,5.3,22.06,Secondary,Vitex_cofassus,Lamiaceae,Vitex,87.736,53.275,10.48,Wanang,100
WS3E1058,3,2,13.7,147.41,Secondary,Macaranga_tanarius,Euphorbiaceae,Macaranga,80,56.9,17.85,Wanang,100
WS3E1059,2,2,18.1,257.3,Secondary,Trichospermum_pleiostigma,Malvaceae,Trichospermum,80,59.2,20.99,Wanang,100
WS3E1060,1,0,12.9,130.7,Secondary,Macaranga_tanarius,Euphorbiaceae,Macaranga,83.398,59.401,17.3,Wanang,100
WS3E1061,3,1,10.9,93.31,Secondary,Gastonia_spectabilis,Araliaceae,Gastonia,84.826,59.149,13.79,Wanang,100
WS3E1064,4,3,16.5,213.82,Secondary,Trichospermum_pleiostigma,Malvaceae,Trichospermum,87.275,55.8,20,Wanang,100
WS3E1066,1,1,7.4,43.01,Secondary,Ficus_variegata,Moraceae,Ficus,89.1,49.423,7.15,Wanang,100
WS3E1067,3,1,6.5,33.18,Secondary,Ficus_variegata,Moraceae,Ficus,100,42.56,8.24,Wanang,100
WS3E1068,2,1,6.1,29.22,Secondary,Ficus_variegata,Moraceae,Ficus,98.565,42.485,7.71,Wanang,100
WS3E1069,1,1,8,50.27,Secondary,Macaranga_tanarius,Euphorbiaceae,Macaranga,98.828,43.404,12.97,Wanang,100
WS3E1070,6,2,6.4,32.17,Secondary,Ficus_adenosperma,Moraceae,Ficus,98.332,42.059,12.56,Wanang,100
WS3E1071,1,1,5.8,26.42,Secondary,Ficus_variegata,Moraceae,Ficus,99.021,43.412,8.25,Wanang,100
WS3E1072,2,2,10.2,81.71,Secondary,Macaranga_tanarius,Euphorbiaceae,Macaranga,96.845,44.505,14.56,Wanang,100
WS3E1073,3,0,20.8,339.79,Secondary,Trichospermum_pleiostigma,Malvaceae,Trichospermum,96.486,42.112,19.79,Wanang,100
WS3E1074,2,2,6.8,36.32,Secondary,Ficus_variegata,Moraceae,Ficus,100,43.73,8.88,Wanang,100
WS3E1075,2,2,7.2,40.72,Secondary,Macaranga_tanarius,Euphorbiaceae,Macaranga,95.779,43.542,11.25,Wanang,100
WS3E1076,1,0,9.1,65.04,Secondary,Trichospermum_pleiostigma,Malvaceae,Trichospermum,88.777,49.417,16.3,Wanang,100
WS3E1077,3,1,9.4,69.4,Secondary,Trichospermum_pleiostigma,Malvaceae,Trichospermum,93.444,47.814,15.17,Wanang,100
WS3E1078,0,0,12.2,116.9,Secondary,Trichospermum_pleiostigma,Malvaceae,Trichospermum,89.733,50.267,17.72,Wanang,100
WS3E1079,2,0,6.1,29.22,Secondary,Ficus_variegata,Moraceae,Ficus,91.664,48.632,8.17,Wanang,100
WS3E1080,3,0,16.7,219.04,Secondary,Trichospermum_pleiostigma,Malvaceae,Trichospermum,88.999,50.725,18.6,Wanang,100
WS3E1081,2,2,7.1,39.59,Secondary,Macaranga_tanarius,Euphorbiaceae,Macaranga,94.154,49.729,11.25,Wanang,100
WS3E1083,5,1,6.7,35.26,Secondary,Gmelina_moluccana,Lamiaceae,Gmelina,98.389,50.173,10.14,Wanang,100
WS3E1084,6,4,19.5,298.65,Secondary,Trichospermum_pleiostigma,Malvaceae,Trichospermum,93.509,50.389,17.9,Wanang,100
WS3E1085,4,1,5.8,26.42,Secondary,Macaranga_tanarius,Euphorbiaceae,Macaranga,99.205,51.372,10.75,Wanang,100
WS3E1086,5,1,14.3,160.61,Secondary,Trichospermum_pleiostigma,Malvaceae,Trichospermum,100,49.13,16.9,Wanang,100
WS3E1087,2,1,5,19.63,Secondary,Macaranga_aleuritoides,Euphorbiaceae,Macaranga,97.055,54.899,8.34,Wanang,100
WS3E1088,2,1,7.3,41.85,Secondary,Macaranga_tanarius,Euphorbiaceae,Macaranga,96.45,55.114,11.62,Wanang,100
WS3E1089,1,0,6.1,29.22,Secondary,Garuga_floribunda,Burseraceae,Garuga,97.816,56.366,10.13,Wanang,100
WS3E1090,2,1,8.7,59.45,Secondary,Macaranga_aleuritoides,Euphorbiaceae,Macaranga,99.672,56.254,13.18,Wanang,100
WS3E1091,0,0,5.2,21.24,Secondary,Macaranga_quadriglandulosa,Euphorbiaceae,Macaranga,96.258,49.72,6.94,Wanang,100
WS3E1092,8,3,13.8,149.57,Secondary,Trichospermum_pleiostigma,Malvaceae,Trichospermum,96.254,51.586,20.1,Wanang,100
WS3E1093,6,2,22.3,390.57,Secondary,Trichospermum_pleiostigma,Malvaceae,Trichospermum,98.543,54.562,18.12,Wanang,100
WS3E1094,9,1,14.8,172.03,Secondary,Trichospermum_pleiostigma,Malvaceae,Trichospermum,96.567,52.29,17.17,Wanang,100
WS3E1096,2,1,8.8,60.82,Secondary,Macaranga_tanarius,Euphorbiaceae,Macaranga,95.782,57.565,13.81,Wanang,100
WS3E1097,3,1,8.8,60.82,Secondary,Macaranga_tanarius,Euphorbiaceae,Macaranga,94.577,56.994,13.56,Wanang,100
WS3E1098,4,1,15,176.71,Secondary,Trichospermum_pleiostigma,Malvaceae,Trichospermum,91.858,54.299,18.81,Wanang,100
WS3E1099,7,2,17.2,232.35,Secondary,Trichospermum_pleiostigma,Malvaceae,Trichospermum,92.301,54.199,19.76,Wanang,100
WS3E1100,0,0,5.8,26.42,Secondary,Pterocarpus_indicus,Fabaceae,Pterocarpus,91.495,53.591,10.5,Wanang,100
WS3E1101,4,1,10.9,93.31,Secondary,Macaranga_tanarius,Euphorbiaceae,Macaranga,92.024,56.281,15.28,Wanang,100
WS4D0838,4,1,13.7,147.41,Secondary,Ficus_pungens,Moraceae,Ficus,69.1,60.956,11.81,Wanang,100
WS4D0839,4,1,13.5,143.14,Secondary,Macaranga_tanarius,Euphorbiaceae,Macaranga,71.404,78.6,15.51,Wanang,100
WS4D0840,6,3,43.5,1486.17,Secondary,Intsia_bijuga,Fabaceae,Intsia,72.05,80,24.02,Wanang,100
WS4D0841,4,2,7.7,46.57,Secondary,Macaranga_tanarius,Euphorbiaceae,Macaranga,64.817,77.105,10.35,Wanang,100
WS4D0843,3,1,10.3,83.32,Secondary,Macaranga_aleuritoides,Euphorbiaceae,Macaranga,74.155,75.096,14.8,Wanang,100
WS4D0844,5,4,16.3,208.67,Secondary,Artocarpus_camansi,Moraceae,Artocarpus,77.684,76.812,16.31,Wanang,100
WS4D0845,5,2,6.3,31.17,Secondary,Cupaniopsis_acuticarpa,Sapindaceae,Cupaniopsis,74.195,74.394,10.3,Wanang,100
WS4D0846,0,0,5.9,27.34,Secondary,Macaranga_quadriglandulosa,Euphorbiaceae,Macaranga,62.864,79.546,8.85,Wanang,100
WS4D0847,3,2,16.8,221.67,Secondary,Commersonia_bartramia,Malvaceae,Commersonia,60.671,79.042,20.65,Wanang,100
WS4D0848,2,2,9.6,72.38,Secondary,Macaranga_tanarius,Euphorbiaceae,Macaranga,63.46,80,13.56,Wanang,100
WS4D0849,1,1,5,19.63,Secondary,Ficus_variegata,Moraceae,Ficus,65.375,78.044,4.87,Wanang,100
WS4D0850,2,2,5.4,22.9,Secondary,Ficus_variegata,Moraceae,Ficus,66.105,76.475,7.65,Wanang,100
WS4D0851,0,0,7.2,40.72,Secondary,Macaranga_aleuritoides,Euphorbiaceae,Macaranga,67.275,75.8,9.85,Wanang,100
WS4D0852,5,1,8.3,54.11,Secondary,Ficus_variegata,Moraceae,Ficus,61.126,72.889,9.95,Wanang,100
WS4D0853,1,1,5.2,21.24,Secondary,Ficus_variegata,Moraceae,Ficus,66.33,73.887,6.75,Wanang,100
WS4D0854,2,2,12.8,128.68,Secondary,Trema_orientalis,Ulmaceae,Trema,69.248,72.511,20.05,Wanang,100
WS4D0855,3,1,7.1,39.59,Secondary,Ficus_variegata,Moraceae,Ficus,68.859,73.564,8.5,Wanang,100
WS4D0856,1,1,17.8,248.85,Secondary,Macaranga_tanarius,Euphorbiaceae,Macaranga,70.8,73.511,17.85,Wanang,100
WS4D0857,3,0,12,113.1,Secondary,Macaranga_aleuritoides,Euphorbiaceae,Macaranga,67.823,74.522,17.35,Wanang,100
WS4D0858,2,2,5.5,23.76,Secondary,Ficus_variegata,Moraceae,Ficus,60.845,70.337,6.3,Wanang,100
WS4D0859,2,0,12.2,116.9,Secondary,Trichospermum_pleiostigma,Malvaceae,Trichospermum,63.498,67.856,16.77,Wanang,100
WS4D0860,10,6,40.9,1313.82,Secondary,Trichospermum_pleiostigma,Malvaceae,Trichospermum,60,70.7,22.34,Wanang,100
WS4D0861,1,1,9.8,75.43,Secondary,Trichospermum_pleiostigma,Malvaceae,Trichospermum,64.725,69.867,13.7,Wanang,100
WS4D0862,3,2,9.8,75.43,Secondary,Macaranga_aleuritoides,Euphorbiaceae,Macaranga,66.47,68.794,12.65,Wanang,100
WS4D0863,5,2,12.2,116.9,Secondary,Sarcocephalus_coadunatus,Rubiaceae,Sarcocephalus,72,70.431,16.9,Wanang,100
WS4D0864,2,2,8.4,55.42,Secondary,Ficus_variegata,Moraceae,Ficus,60.984,65.934,10.3,Wanang,100
WS4D0865,1,1,5.6,24.63,Secondary,Ficus_variegata,Moraceae,Ficus,62.257,66.202,8.4,Wanang,100
WS4D0866,2,1,5.1,20.43,Secondary,Ficus_variegata,Moraceae,Ficus,63.635,67.794,8.11,Wanang,100
WS4D0867,6,1,16.1,203.58,Secondary,Trichospermum_pleiostigma,Malvaceae,Trichospermum,71.63,65.672,19.6,Wanang,100
WS4D0868,3,2,16.3,208.67,Secondary,Trichospermum_pleiostigma,Malvaceae,Trichospermum,70.239,67.17,18.55,Wanang,100
WS4D0869,3,2,6.3,31.17,Secondary,Leucosyke_australis,Urticaceae,Leucosyke,67.938,69.461,7.6,Wanang,100
WS4D0870,4,0,13,132.73,Secondary,Trichospermum_pleiostigma,Malvaceae,Trichospermum,74.204,67.873,17.05,Wanang,100
WS4D0871,4,0,14.4,162.86,Secondary,Tetrameles_nudiflora,Tetramelaceae,Tetrameles,68.44,63.24,16.36,Wanang,100
WS4D0872,7,3,26,530.93,Secondary,Trichospermum_pleiostigma,Malvaceae,Trichospermum,63.501,62.938,20.25,Wanang,100
WS4D0873,0,0,5.1,20.43,Secondary,Alstonia_scholaris,Apocynaceae,Alstonia,62.202,61.027,3.8,Wanang,100
WS4D0875,3,2,10.8,91.61,Secondary,Macaranga_tanarius,Euphorbiaceae,Macaranga,76.647,70.261,15.95,Wanang,100
WS4D0877,3,0,13.2,136.85,Secondary,Macaranga_tanarius,Euphorbiaceae,Macaranga,78.099,68,15.99,Wanang,100
WS4D0878,1,0,7.1,39.59,Secondary,Trichospermum_pleiostigma,Malvaceae,Trichospermum,65.798,65.798,12.3,Wanang,100
WS4D0879,2,0,7.6,45.36,Secondary,Trichospermum_pleiostigma,Malvaceae,Trichospermum,65.043,66.941,13.7,Wanang,100
WS4D0880,3,3,8.6,58.09,Secondary,Pterocarpus_indicus,Fabaceae,Pterocarpus,65.784,64.853,15.25,Wanang,100
WS4D0881,5,1,13.4,141.03,Secondary,Trichospermum_pleiostigma,Malvaceae,Trichospermum,79.237,67.26,14.28,Wanang,100
WS4D0884,2,1,7.3,41.85,Secondary,Macaranga_tanarius,Euphorbiaceae,Macaranga,78.101,67.617,15.82,Wanang,100
WS4D0885,2,2,15.3,183.85,Secondary,Trichospermum_pleiostigma,Malvaceae,Trichospermum,71.877,62.094,18.7,Wanang,100
WS4D0886,6,2,5.8,26.42,Secondary,Ficus_variegata,Moraceae,Ficus,71.1,62.768,8.41,Wanang,100
WS4D0887,1,1,5.3,22.06,Secondary,Ficus_pungens,Moraceae,Ficus,71.289,61.788,9.13,Wanang,100
WS4D0888,2,0,14,153.94,Secondary,Trichospermum_pleiostigma,Malvaceae,Trichospermum,74.064,60.415,19.3,Wanang,100
WS4D0889,2,0,11.7,107.51,Secondary,Trichospermum_pleiostigma,Malvaceae,Trichospermum,77.575,64.2,15.93,Wanang,100
WS4D0890,3,1,13.7,147.41,Secondary,Trichospermum_pleiostigma,Malvaceae,Trichospermum,76.66,60,18.44,Wanang,100
WS4D0892,6,1,11.1,96.77,Secondary,Commersonia_bartramia,Malvaceae,Commersonia,78.014,65.768,17.8,Wanang,100
WS4D0893,4,1,5.1,20.43,Secondary,Macaranga_aleuritoides,Euphorbiaceae,Macaranga,70.785,76.907,7.39,Wanang,100
WS4E1102,2,1,8.3,54.11,Secondary,Celtis_latifolia,Cannabaceae,Celtis,92.4,60,5.79,Wanang,100
WS4E1103,2,2,6.6,34.21,Secondary,Macaranga_aleuritoides,Euphorbiaceae,Macaranga,99.635,60.296,9.26,Wanang,100
WS4E1104,3,3,7.6,45.36,Secondary,Vitex_cofassus,Lamiaceae,Vitex,97.55,60,14.3,Wanang,100
WS4E1105,1,0,9.5,70.88,Secondary,Macaranga_tanarius,Euphorbiaceae,Macaranga,99.184,64.629,12.23,Wanang,100
WS4E1107,6,2,11.4,102.07,Secondary,Macaranga_tanarius,Euphorbiaceae,Macaranga,92.454,62.164,13.53,Wanang,100
WS4E1108,1,0,6,28.27,Secondary,Macaranga_ducis,Euphorbiaceae,Macaranga,92.648,62.389,9.81,Wanang,100
WS4E1110,4,1,20.4,326.85,Secondary,Gmelina_moluccana,Lamiaceae,Gmelina,94.332,66.294,10.6,Wanang,100
WS4E1111,7,3,10.1,80.12,Secondary,Macaranga_tanarius,Euphorbiaceae,Macaranga,100,66.64,14,Wanang,100
WS4E1112,2,1,5.5,23.76,Secondary,Macaranga_aleuritoides,Euphorbiaceae,Macaranga,98.884,65.743,9.95,Wanang,100
WS4E1113,2,2,7,38.48,Secondary,Macaranga_aleuritoides,Euphorbiaceae,Macaranga,97.132,64.096,10.97,Wanang,100
WS4E1114,3,0,10,78.54,Secondary,Trichospermum_pleiostigma,Malvaceae,Trichospermum,88.017,62.148,16.49,Wanang,100
WS4E1117,8,4,13.1,134.78,Secondary,Macaranga_tanarius,Euphorbiaceae,Macaranga,86.909,62.652,16.66,Wanang,100
WS4E1119,5,3,14.5,165.13,Secondary,Ficus_pungens,Moraceae,Ficus,94.992,69.26,16.84,Wanang,100
WS4E1120,0,0,5.3,22.06,Secondary,Macaranga_aleuritoides,Euphorbiaceae,Macaranga,100,61.36,10.37,Wanang,100
WS4E1121,2,1,6.2,30.19,Secondary,Macaranga_aleuritoides,Euphorbiaceae,Macaranga,96.832,69.2,10.16,Wanang,100
WS4E1122,5,2,8.1,51.53,Secondary,Trichospermum_pleiostigma,Malvaceae,Trichospermum,83.225,62.612,17.4,Wanang,100
WS4E1123,4,1,6.3,31.17,Secondary,Celtis_latifolia,Cannabaceae,Celtis,87.985,62.119,9.38,Wanang,100
WS4E1124,5,2,15.1,179.08,Secondary,Trichospermum_pleiostigma,Malvaceae,Trichospermum,85.196,63,18.94,Wanang,100
WS4E1125,0,0,11.1,96.77,Secondary,Trichospermum_pleiostigma,Malvaceae,Trichospermum,82.989,63.562,17.59,Wanang,100
WS4E1126,6,3,18.6,271.72,Secondary,Trichospermum_pleiostigma,Malvaceae,Trichospermum,81.383,67.117,19.5,Wanang,100
WS4E1127,3,1,7.4,43.01,Secondary,Ficus_variegata,Moraceae,Ficus,83.345,74.206,8.66,Wanang,100
WS4E1128,2,1,6.1,29.22,Secondary,Macaranga_tanarius,Euphorbiaceae,Macaranga,80.386,64.413,10.81,Wanang,100
WS4E1129,5,2,13.2,136.85,Secondary,Trichospermum_pleiostigma,Malvaceae,Trichospermum,82.55,64.6,17.86,Wanang,100
WS4E1130,2,2,10.1,80.12,Secondary,Commersonia_bartramia,Malvaceae,Commersonia,80.779,63.124,17.85,Wanang,100
WS4E1132,2,2,6.2,30.19,Secondary,Ficus_nodosa,Moraceae,Ficus,82.001,64.495,7.25,Wanang,100
WS4E1134,1,0,6.9,37.39,Secondary,Sarcocephalus_coadunatus,Rubiaceae,Sarcocephalus,85.392,71.055,10.95,Wanang,100
WS4E1135,7,4,14.2,158.37,Secondary,Macaranga_tanarius,Euphorbiaceae,Macaranga,87.084,70.117,15.61,Wanang,100
WS4E1136,3,3,6.8,36.32,Secondary,Cerbera_floribunda,Apocynaceae,Cerbera,89.468,69.805,12.11,Wanang,100
WS4E1137,2,1,16.4,211.24,Secondary,Kingiodendron_novoguineense,Fabaceae,Kingiodendron,89.73,69.73,4.71,Wanang,100
WS4E1138,1,1,12,113.1,Secondary,Macaranga_tanarius,Euphorbiaceae,Macaranga,80.941,70.759,15.68,Wanang,100
WS4E1139,1,1,5.7,25.52,Secondary,Ficus_variegata,Moraceae,Ficus,82.723,70.162,10.24,Wanang,100
WS4E1140,5,2,16.2,206.12,Secondary,Trichospermum_pleiostigma,Malvaceae,Trichospermum,81.955,71.089,17.7,Wanang,100
WS4E1141,1,1,5.7,25.52,Secondary,Dracontomelon_dao,Anacardiaceae,Dracontomelon,94.181,74.181,8.4,Wanang,100
WS4E1142,1,1,5.5,23.76,Secondary,Pisonia_longirostris,Nyctaginaceae,Pisonia,88.349,72.378,5.8,Wanang,100
WS4E1143,7,4,21.92428324,377.52,Secondary,Pterocarpus_indicus,Fabaceae,Pterocarpus,91.769,68.245,14.22,Wanang,100
WS4E1144,5,1,5,19.63,Secondary,Macaranga_aleuritoides,Euphorbiaceae,Macaranga,87.075,72.254,8.34,Wanang,100
WS4E1145,4,3,11.3,100.29,Secondary,Commersonia_bartramia,Malvaceae,Commersonia,83.597,72.544,16.11,Wanang,100
WS4E1146,3,0,10.8,91.61,Secondary,Commersonia_bartramia,Malvaceae,Commersonia,80,73.11,12.26,Wanang,100
WS4E1147,1,1,8.8,60.82,Secondary,Endospermum_labios,Euphorbiaceae,Endospermum,98.702,76.006,13.86,Wanang,100
WS4E1148,7,4,5.9,27.34,Secondary,Ficus_variegata,Moraceae,Ficus,98.203,69.807,9.04,Wanang,100
WS4E1149,5,2,7.8,47.78,Secondary,Macaranga_aleuritoides,Euphorbiaceae,Macaranga,96.759,75.372,12.91,Wanang,100
WS4E1150,6,4,19.1,286.52,Secondary,Melanolepis_multiglandulosa,Euphorbiaceae,Melanolepis,96.767,73.067,13.94,Wanang,100
WS4E1151,6,2,18.6,271.72,Secondary,Melanolepis_multiglandulosa,Euphorbiaceae,Melanolepis,92.718,74.901,13.69,Wanang,100
WS4E1152,2,2,6.5,33.18,Secondary,Garuga_floribunda,Burseraceae,Garuga,95.8,75.8,9.51,Wanang,100
WS4E1153,2,0,7.3,41.85,Secondary,Macaranga_aleuritoides,Euphorbiaceae,Macaranga,96.76,77.281,13.49,Wanang,100
WS4E1154,1,0,5.9,27.34,Secondary,Vitex_cofassus,Lamiaceae,Vitex,95.865,78.495,8.12,Wanang,100
WS4E1155,3,3,10.3,83.32,Secondary,Macaranga_aleuritoides,Euphorbiaceae,Macaranga,97.716,78.935,12.76,Wanang,100
WS4E1157,5,2,7.8,47.78,Secondary,Ficus_congesta,Moraceae,Ficus,83.304,75.92,8.5,Wanang,100
WS4E1158,2,1,5.1,20.43,Secondary,Ficus_congesta,Moraceae,Ficus,84.065,78.19,9.31,Wanang,100
WS4E1159,1,1,5.1,20.43,Secondary,Macaranga_ducis,Euphorbiaceae,Macaranga,83.571,69.81,7.38,Wanang,100
WS4E1160,0,0,5.2,21.24,Secondary,Gnetum_gnemon,Gnetaceae,Gnetum,93.633,70.907,4.33,Wanang,100
WS4E1161,1,1,5,19.63,Secondary,Endospermum_labios,Euphorbiaceae,Endospermum,85.57,76.1,10.95,Wanang,100
WS4E1162,2,2,5.1,20.43,Secondary,Ficus_variegata,Moraceae,Ficus,87.33,77.332,7.64,Wanang,100
WS5D0791,2,1,14.5,165.13,Secondary,Dendrocnide_longifolia,Urticaceae,Dendrocnide,61.783,96.175,10.82,Wanang,100
WS5D0792,9,3,100,7853.98,Secondary,Intsia_bijuga,Fabaceae,Intsia,64.521,97.39,45.44,Wanang,100
WS5D0793,4,1,5.2,21.24,Secondary,Macaranga_quadriglandulosa,Euphorbiaceae,Macaranga,63.784,99.057,10.78,Wanang,100
WS5D0794,0,0,6,28.27,Secondary,Litsea_guppyi,Lauraceae,Litsea,62.442,94.994,9.98,Wanang,100
WS5D0795,1,1,63.8,3196.92,Secondary,Pterocarpus_indicus,Fabaceae,Pterocarpus,62.141,87.857,30.27,Wanang,100
WS5D0796,3,1,17.2,232.35,Secondary,Dendrocnide_longifolia,Urticaceae,Dendrocnide,64.782,94.301,12.29,Wanang,100
WS5D0797,0,0,7.1,39.59,Secondary,Garuga_floribunda,Burseraceae,Garuga,68.824,96.788,9.5,Wanang,100
WS5D0798,3,1,5.9,27.34,Secondary,Myristica_globosa,Myristicaceae,Myristica,69.243,98.035,10.83,Wanang,100
WS5D0799,2,0,6.7,35.26,Secondary,Macaranga_aleuritoides,Euphorbiaceae,Macaranga,67.799,99.864,10.75,Wanang,100
WS5D0800,4,0,10.1,80.12,Secondary,Melanolepis_multiglandulosa,Euphorbiaceae,Melanolepis,65.356,98.05,16.25,Wanang,100
WS5D0802,0,0,6.6,34.21,Secondary,Macaranga_tanarius,Euphorbiaceae,Macaranga,68.496,96.217,10.46,Wanang,100
WS5D0803,1,0,16.2,206.12,Secondary,Trichospermum_pleiostigma,Malvaceae,Trichospermum,64.8,84.971,21.94,Wanang,100
WS5D0804,3,0,23.3,426.38,Secondary,Trichospermum_pleiostigma,Malvaceae,Trichospermum,62.668,83.295,23.7,Wanang,100
WS5D0805,2,0,21.9,376.68,Secondary,Trichospermum_pleiostigma,Malvaceae,Trichospermum,66.22,88.779,22.48,Wanang,100
WS5D0807,3,0,10.2,81.71,Secondary,Macaranga_aleuritoides,Euphorbiaceae,Macaranga,69.455,95.79,12.92,Wanang,100
WS5D0808,2,0,8.2,52.81,Secondary,Ficus_wassa,Moraceae,Ficus,70.179,95.628,5.62,Wanang,100
WS5D0810,3,0,15.3,183.85,Secondary,Macaranga_tanarius,Euphorbiaceae,Macaranga,73.701,92.493,18.83,Wanang,100
WS5D0811,1,0,6.3,31.17,Secondary,Macaranga_tanarius,Euphorbiaceae,Macaranga,75.486,98.62,10.4,Wanang,100
WS5D0812,1,0,5.8,26.42,Secondary,Ficus_variegata,Moraceae,Ficus,71.447,80.899,8.29,Wanang,100
WS5D0814,2,1,24.4,467.59,Secondary,Trichospermum_pleiostigma,Malvaceae,Trichospermum,61.606,82.294,23.27,Wanang,100
WS5D0815,1,0,25.9,526.85,Secondary,Dendrocnide_longifolia,Urticaceae,Dendrocnide,76.602,95.803,11.33,Wanang,100
WS5D0816,7,1,20.9,343.07,Secondary,Trema_orientalis,Ulmaceae,Trema,64.185,99.262,21.19,Wanang,100
WS5D0817,4,1,24.2,459.96,Secondary,Trichospermum_pleiostigma,Malvaceae,Trichospermum,68.534,87.734,23.04,Wanang,100
WS5D0818,0,0,6,28.27,Secondary,Macaranga_aleuritoides,Euphorbiaceae,Macaranga,71.78,90.544,11.33,Wanang,100
WS5D0819,2,1,8.6,58.09,Secondary,Macaranga_aleuritoides,Euphorbiaceae,Macaranga,66.236,88.584,13.36,Wanang,100
WS5D0820,2,1,13.8,149.57,Secondary,Ficus_variegata,Moraceae,Ficus,71.345,97.681,10.71,Wanang,100
WS5D0821,0,0,8.3,54.11,Secondary,Phyllanthus_clamboides,Phyllanthaceae,Phyllanthus,72.566,95.879,8.1,Wanang,100
WS5D0822,0,0,9.3,67.93,Secondary,Chisocheton_ceramicus,Meliaceae,Chisocheton,77.21,93.733,5.5,Wanang,100
WS5D0823,0,0,5.4,22.9,Secondary,Macaranga_aleuritoides,Euphorbiaceae,Macaranga,72.667,90.615,8.32,Wanang,100
WS5D0824,1,1,5,19.63,Secondary,Dendrocnide_longifolia,Urticaceae,Dendrocnide,73.234,89.969,6.5,Wanang,100
WS5D0825,1,0,5.2,21.24,Secondary,Dracontomelon_dao,Anacardiaceae,Dracontomelon,70.606,94.827,7.4,Wanang,100
WS5D0826,4,4,10.4,84.95,Secondary,Canarium_indicum,Burseraceae,Canarium,79.242,91.333,12.85,Wanang,100
WS5D0827,0,0,5.8,26.42,Secondary,Macaranga_tanarius,Euphorbiaceae,Macaranga,78.732,92.811,11.77,Wanang,100
WS5D0828,4,1,14.4,162.86,Secondary,Trichospermum_pleiostigma,Malvaceae,Trichospermum,75.703,88.806,18.45,Wanang,100
WS5D0829,3,0,10.1,80.12,Secondary,Macaranga_tanarius,Euphorbiaceae,Macaranga,70.57,87.913,15.75,Wanang,100
WS5D0830,1,0,5,19.63,Secondary,Dracontomelon_dao,Anacardiaceae,Dracontomelon,76.175,86.625,6.92,Wanang,100
WS5D0831,0,0,5,19.63,Secondary,Macaranga_tanarius,Euphorbiaceae,Macaranga,72.264,87.736,10.02,Wanang,100
WS5D0833,3,0,5.5,23.76,Secondary,Macaranga_tanarius,Euphorbiaceae,Macaranga,72.148,81.244,12.67,Wanang,100
WS5D0834,3,1,10.2,81.71,Secondary,Macaranga_tanarius,Euphorbiaceae,Macaranga,76.223,83.647,15.82,Wanang,100
WS5D0835,4,2,13.3,138.93,Secondary,Macaranga_tanarius,Euphorbiaceae,Macaranga,76.4,84.29,18.25,Wanang,100
WS5D0836,4,1,7.6,45.36,Secondary,Trichospermum_pleiostigma,Malvaceae,Trichospermum,77.242,82.758,12.66,Wanang,100
WS5D0837,3,2,11.8,109.36,Secondary,Macaranga_tanarius,Euphorbiaceae,Macaranga,73.848,84.308,17.13,Wanang,100
WS5E1163,1,1,7,38.48,Secondary,Garuga_floribunda,Burseraceae,Garuga,92.011,80.699,11.33,Wanang,100
WS5E1164,3,1,9.2,66.48,Secondary,Clerodendrum_tracyanum,Lamiaceae,Clerodendrum,96.74,83.26,13.77,Wanang,100
WS5E1165,4,1,6.8,36.32,Secondary,Macaranga_aleuritoides,Euphorbiaceae,Macaranga,95.143,84.075,14.15,Wanang,100
WS5E1166,0,0,6.3,31.17,Secondary,Ficus_variegata,Moraceae,Ficus,94,80,8.44,Wanang,100
WS5E1167,0,0,6.5,33.18,Secondary,Gymnacranthera_paniculata,Myristicaceae,Gymnacranthera,90.727,82.485,6.3,Wanang,100
WS5E1168,2,0,6.1,29.22,Secondary,Celtis_latifolia,Cannabaceae,Celtis,89.234,83.087,5.69,Wanang,100
WS5E1169,5,3,18,254.47,Secondary,Melanolepis_multiglandulosa,Euphorbiaceae,Melanolepis,97.129,85.887,15.29,Wanang,100
WS5E1170,5,1,6.1,29.22,Secondary,Macaranga_aleuritoides,Euphorbiaceae,Macaranga,98.742,82.58,13.56,Wanang,100
WS5E1173,2,2,8.1,51.53,Secondary,Garuga_floribunda,Burseraceae,Garuga,85.258,82.564,12.3,Wanang,100
WS5E1174,3,0,6.3,31.17,Secondary,Ficus_variegata,Moraceae,Ficus,85.143,83.09,9.55,Wanang,100
WS5E1175,7,5,16,201.06,Secondary,Pometia_pinnata,Sapindaceae,Pometia,85.657,85.657,11.2,Wanang,100
WS5E1178,1,1,6.2,30.19,Secondary,Macaranga_aleuritoides,Euphorbiaceae,Macaranga,94.226,90.417,12.29,Wanang,100
WS5E1179,0,0,5.5,23.76,Secondary,Pterocarpus_indicus,Fabaceae,Pterocarpus,95.381,89.906,8.89,Wanang,100
WS5E1180,11,7,24.9,486.95,Secondary,Trema_orientalis,Ulmaceae,Trema,82.483,86.47,19.77,Wanang,100
WS5E1181,5,1,7.7,46.57,Secondary,Terminalia_complanata,Combretaceae,Terminalia,82.24,93.105,14.65,Wanang,100
WS5E1182,5,1,13.5,143.14,Secondary,Macaranga_aleuritoides,Euphorbiaceae,Macaranga,81.184,86.716,17.5,Wanang,100
WS5E1183,2,1,7.9,49.02,Secondary,Macaranga_aleuritoides,Euphorbiaceae,Macaranga,83.347,87.518,10.34,Wanang,100
WS5E1184,4,2,5.8,26.42,Secondary,Licuala_beccariana,Arecaceae,Licuala,98.115,85.801,5.11,Wanang,100
WS5E1185,1,1,10,78.54,Secondary,Macaranga_aleuritoides,Euphorbiaceae,Macaranga,97.859,85.882,12.69,Wanang,100
WS5E1186,3,2,10.9,93.31,Secondary,Melanolepis_multiglandulosa,Euphorbiaceae,Melanolepis,96.272,90.826,14.13,Wanang,100
WS5E1187,2,1,8.6,58.09,Secondary,Macaranga_aleuritoides,Euphorbiaceae,Macaranga,96.218,81.302,12.66,Wanang,100
WS5E1188,4,1,6.7,35.26,Secondary,Breynia_cernua,Phyllanthaceae,Breynia,91.78,80,9.42,Wanang,100
WS5E1189,0,0,6.5,33.18,Secondary,Celtis_philippensis,Cannabaceae,Celtis,93.808,96.425,11,Wanang,100
WS5E1190,1,0,8.9,62.21,Secondary,Macaranga_aleuritoides,Euphorbiaceae,Macaranga,93.447,95.411,15.3,Wanang,100
WS5E1191,6,2,15.5,188.69,Secondary,Macaranga_tanarius,Euphorbiaceae,Macaranga,93.947,93.947,16.41,Wanang,100
WS5E1192,3,2,9.3,67.93,Secondary,Ficus_congesta,Moraceae,Ficus,94.304,94.101,9.43,Wanang,100
WS5E1193,2,1,7.4,43.01,Secondary,Macaranga_aleuritoides,Euphorbiaceae,Macaranga,99.658,96.095,12.99,Wanang,100
WS5E1194,2,1,9.4,69.4,Secondary,Macaranga_aleuritoides,Euphorbiaceae,Macaranga,97.031,97.843,10.98,Wanang,100
WS5E1196,2,0,10.9,93.31,Secondary,Spondias_dulcis,Anacardiaceae,Spondias,97,94.804,16.3,Wanang,100
WS5E1197,0,0,8.5,56.75,Secondary,Homalanthus_novoguineensis,Euphorbiaceae,Homalanthus,99.643,99.87,8.3,Wanang,100
WS5E1198,4,1,8.2,52.81,Secondary,Melanolepis_multiglandulosa,Euphorbiaceae,Melanolepis,92.943,86.134,13.09,Wanang,100
WS5E1199,5,2,12,113.1,Secondary,Macaranga_aleuritoides,Euphorbiaceae,Macaranga,91.296,85.025,16.91,Wanang,100
WS5E1200,1,1,7.7,46.57,Secondary,Macaranga_aleuritoides,Euphorbiaceae,Macaranga,89.079,85.093,11.37,Wanang,100
WS5E1201,0,0,6.9,37.39,Secondary,Canarium_acutifolium,Burseraceae,Canarium,83.27,94.336,12.81,Wanang,100
WS5E1202,5,3,24.7,479.16,Secondary,Macaranga_tanarius,Euphorbiaceae,Macaranga,88.267,97.63,19.54,Wanang,100
WS5E1203,4,1,17.6,243.28,Secondary,Melanolepis_multiglandulosa,Euphorbiaceae,Melanolepis,94.108,97.377,18.04,Wanang,100
WS5E1204,2,2,7.1,39.59,Secondary,Pisonia_longirostris,Nyctaginaceae,Pisonia,81.395,94.794,8.45,Wanang,100
WS5E1205,1,1,11.4,102.07,Secondary,Trichospermum_pleiostigma,Malvaceae,Trichospermum,80.576,93.415,16.04,Wanang,100
WS5E1206,0,0,8.2,52.81,Secondary,Sterculia_ampla,Malvaceae,Sterculia,81.236,92.988,12.44,Wanang,100
WS5E1207,1,1,5.4,22.9,Secondary,Ficus_pungens,Moraceae,Ficus,81.048,93.382,7.24,Wanang,100
WS5E1208,5,2,8,50.27,Secondary,Dendrocnide_longifolia,Urticaceae,Dendrocnide,81.057,82.754,9.66,Wanang,100
WS5E1209,2,1,6.1,29.22,Secondary,Phyllanthus_clamboides,Phyllanthaceae,Phyllanthus,81.247,87.071,3.79,Wanang,100
WS5E1210,1,0,5.2,21.24,Secondary,Phyllanthus_clamboides,Phyllanthaceae,Phyllanthus,91.623,92.718,5.03,Wanang,100
WS5E1211,1,1,5.1,20.43,Secondary,Macaranga_ducis,Euphorbiaceae,Macaranga,98.33,97.107,8.3,Wanang,100
